timestamp,pm1_standard,pm25_standard,pm10_standard,Temperature,Gas,Humidity,Pressure,Altitude
2026-02-20 16:49:40,0,1,1,33.220625,2588348,100,612.4468983442713,4050.044322149252
2026-02-20 16:49:41,0,1,1,24.3503125,347469,30.746632236103693,1005.6213600799899,63.70812078491625
2026-02-20 16:49:42,0,1,1,24.3790234375,352619,30.743767489691123,1005.6036118417036,63.856795048537485
2026-02-20 16:49:43,0,1,1,24.4096875,357541,30.698364442033487,1005.5993117433877,63.89281663080492
2026-02-20 16:49:44,2,3,3,24.4348828125,360248,30.657837321128802,1005.5993581905585,63.892427545872536
2026-02-20 16:49:45,2,3,3,24.4540234375,364986,30.61146336215971,1005.5993784533275,63.89225780598237
2026-02-20 16:49:46,2,3,3,24.4653515625,367402,30.559098149264972,1005.5913322064084,63.959660909153435
2026-02-20 16:49:47,2,3,3,24.47375,370673,30.511830215998636,1005.593605167402,63.94062035745468
2026-02-20 16:49:48,2,3,3,24.4805859375,371915,30.45911353883134,1005.5881646479643,63.98619554507086
2026-02-20 16:49:49,2,3,3,24.48859375,373165,30.470457993082277,1005.5880851001924,63.98686191759672
2026-02-20 16:49:50,2,3,3,24.49171875,375268,30.508038993190688,1005.5865660749027,63.99958681671247
2026-02-20 16:49:51,2,3,3,24.4954296875,381954,30.51901991866806,1005.5894222170111,63.97566088152676
2026-02-20 16:49:52,2,3,3,24.4973828125,381094,30.49786230939648,1005.5910146262598,63.96232127488718
2026-02-20 16:49:53,2,3,3,24.497578125,383252,30.465897440204348,1005.5845650325801,64.0163496039728
2026-02-20 16:49:54,2,3,3,24.5126171875,384996,30.525825521300554,1005.5878447314819,63.988875489087334
2026-02-20 16:49:55,2,3,3,24.55265625,383252,30.924416284721488,1005.5857436491824,64.00647629660455
2026-02-20 16:49:56,2,3,3,24.5981640625,385874,31.56080871570411,1005.586058340196,64.00384012193079
2026-02-20 16:49:57,2,3,3,24.639765625,385215,32.29692194903619,1005.5831808833552,64.02794467637453
2026-02-20 16:49:58,2,3,3,24.6731640625,387864,33.04697530655084,1005.5800532635965,64.05414491747881
2026-02-20 16:49:59,2,2,2,24.6966015625,388309,33.62555950508636,1005.573721646219,64.10718542318588
2026-02-20 16:50:00,2,2,2,24.7192578125,390100,33.98773290536189,1005.5813290225934,64.04345780689489
2026-02-20 16:50:01,2,2,2,24.7368359375,392134,34.153343934083324,1005.566829308857,64.16492343603949
2026-02-20 16:50:02,6,7,7,24.76046875,393731,34.17744925632297,1005.574380579982,64.1016654655298
2026-02-20 16:50:03,7,8,8,24.7880078125,393273,34.24570053986964,1005.5749391011399,64.09698667714959
2026-02-20 16:50:04,7,8,8,24.8141796875,395341,34.341236929348604,1005.5799758340744,64.05479354964136
2026-02-20 16:50:05,7,8,8,24.833515625,396499,34.452632583494065,1005.5701190916325,64.1373644548534
2026-02-20 16:50:06,5,7,7,24.85734375,396499,34.41654021575569,1005.5678169432015,64.15664987410479
2026-02-20 16:50:07,5,7,7,24.883515625,398131,34.31495562167279,1005.5677591148175,64.15713431101862
2026-02-20 16:50:08,6,8,8,24.9063671875,400014,34.16934746767351,1005.5671999635814,64.1618184047069
2026-02-20 16:50:09,6,8,8,24.92375,401914,33.996031276744205,1005.5642222775402,64.1867629623769
2026-02-20 16:50:10,10,12,12,24.9469921875,402631,33.79070978025621,1005.5694031361268,64.14336211038375
2026-02-20 16:50:11,10,12,12,24.9596875,404557,33.58467232030392,1005.5721039046657,64.1207374272942
2026-02-20 16:50:12,6,8,8,24.955390625,405526,33.32836711359745,1005.569963701453,64.13866617898694
2026-02-20 16:50:13,5,8,8,24.9559765625,407479,33.04580637254915,1005.5692535091258,64.14461555632714
2026-02-20 16:50:15,5,7,7,24.9645703125,408463,32.780775215451165,1005.5701422639121,64.13717033761014
2026-02-20 16:50:16,5,7,7,24.969453125,409947,32.542930485220595,1005.5715720824435,64.12519256610085
2026-02-20 16:50:17,5,7,7,24.973359375,412697,32.34320179835203,1005.571359230085,64.12697565648143
2026-02-20 16:50:18,5,7,7,24.96359375,412949,32.15870463043914,1005.5752827934582,64.09410753279288
2026-02-20 16:50:19,5,7,7,24.9503125,414720,31.968742302800123,1005.5766838342371,64.08237088461638
2026-02-20 16:50:20,5,7,7,24.9196484375,417277,31.793638204526175,1005.5691927615325,64.14512444730735
2026-02-20 16:50:21,5,7,7,24.888203125,419345,31.59181579792127,1005.5519060964907,64.28993823871612
2026-02-20 16:50:22,5,7,7,24.863984375,419345,31.428511436144014,1005.536599887351,64.41816304430085
2026-02-20 16:50:23,5,7,7,24.8454296875,421434,31.281991820014238,1005.5155609380205,64.59441535079321
2026-02-20 16:50:24,5,7,7,24.8325390625,422750,31.162917565086175,1005.4938769185435,64.7760748115008
2026-02-20 16:50:25,5,7,7,24.8188671875,415484,31.06529788394466,1005.4691834612026,64.98294992125734
2026-02-20 16:50:26,5,7,7,24.82921875,410943,31.291296026403746,1005.4459059909958,65.17796604038907
2026-02-20 16:50:27,4,6,6,24.8180859375,414212,32.07012084916981,1005.411921215956,65.46269336228654
2026-02-20 16:50:28,4,6,6,24.807734375,414974,32.73937426959781,1005.3826418936313,65.7080042521606
2026-02-20 16:50:29,4,6,6,24.7848828125,417792,33.11152569211521,1005.3543771781001,65.94481995130856
2026-02-20 16:50:30,4,6,6,24.7645703125,415739,33.2454780476573,1005.3303828862175,66.1458601698622
2026-02-20 16:50:31,4,6,6,24.7372265625,419605,33.18861597037433,1005.3149037495515,66.27555678692707
2026-02-20 16:50:32,4,6,6,24.7036328125,418567,33.0714826996631,1005.2922998478841,66.46495330195464
2026-02-20 16:50:33,3,5,6,24.6716015625,422486,32.88952850792014,1005.2621515111657,66.71756947852266
2026-02-20 16:50:34,4,5,6,24.64171875,421434,32.72967378706255,1005.240700251063,66.89731564398268
2026-02-20 16:50:35,4,5,6,24.613203125,425140,32.57554257706048,1005.2096828243573,67.15722491270401
2026-02-20 16:50:36,4,5,6,24.5899609375,426749,32.44908384450563,1005.17567153069,67.44222863245488
2026-02-20 16:50:37,4,6,6,24.564765625,427287,32.32796845057392,1005.1417644115163,67.72636717595816
2026-02-20 16:50:38,4,6,7,24.5315625,429456,32.20085116841061,1005.1062497578939,68.02398503221683
2026-02-20 16:50:39,4,7,7,24.5098828125,431098,32.04794319850852,1005.0782554889541,68.25858699484253
2026-02-20 16:50:40,4,7,8,24.4805859375,428912,31.89453001431578,1005.0526987166713,68.47276648565612
2026-02-20 16:50:41,4,7,9,24.4426953125,431647,31.74591058918115,1005.0245455155116,68.7087105509203
2026-02-20 16:50:42,4,8,10,24.39875,433305,31.618415331251192,1004.9963699699281,68.94484723656173
2026-02-20 16:50:43,2,5,6,24.3630078125,436379,31.513242574956273,1004.9684355514818,69.17896834941013
2026-02-20 16:50:44,1,5,6,24.3315625,434976,31.43535622599885,1004.9375621972719,69.43772710250255
2026-02-20 16:50:45,1,5,6,24.2958203125,435536,31.389314996735145,1004.9028472207237,69.72869132167914
2026-02-20 16:50:46,1,5,6,24.259296875,437224,31.359308170843555,1004.8634283488656,70.0590911943642
2026-02-20 16:50:47,1,5,6,24.2188671875,438641,31.382574080818525,1004.8309872479294,70.33101287648073
2026-02-20 16:50:48,1,4,6,24.185859375,439781,31.395768033077353,1004.8110285336003,70.49831058206921
2026-02-20 16:50:49,1,4,6,24.155390625,443528,31.36629697873252,1004.7902575748366,70.67241953079746
2026-02-20 16:50:50,1,4,6,24.1200390625,439781,31.31497557192823,1004.7646570796259,70.88701523816722
2026-02-20 16:50:51,1,4,5,24.0887890625,440640,31.27474891703981,1004.7391802457912,71.10057875141361
2026-02-20 16:50:52,1,4,5,24.0567578125,440927,31.271955575549903,1004.7106938169965,71.33937585381119
2026-02-20 16:50:53,1,4,5,24.02921875,442657,31.34454977404308,1004.6779100665791,71.61420349000976
2026-02-20 16:50:54,1,3,5,23.9962109375,439496,31.427417330856574,1004.6494711032802,71.85261446442775
2026-02-20 16:50:55,1,3,5,23.967109375,442368,31.51603032309702,1004.6191363478155,72.10692436399954
2026-02-20 16:50:56,1,3,5,23.9409375,439496,31.61031420370695,1004.5920363573409,72.33412103218714
2026-02-20 16:50:57,1,3,4,23.9133984375,442368,31.742130013465612,1004.572793348167,72.49545058048845
2026-02-20 16:50:58,1,3,4,23.8721875,442079,31.888975104703956,1004.5474756566775,72.70771286474076
2026-02-20 16:50:59,1,3,4,23.82765625,444986,31.976464289401765,1004.5368805245015,72.7965432191517
2026-02-20 16:51:00,1,3,4,23.803828125,442657,32.04968557202012,1004.5204876992705,72.93398334632218
2026-02-20 16:51:01,1,3,4,23.77609375,440353,32.28422574113202,1004.5076769370847,73.04139213538353
2026-02-20 16:51:02,1,3,4,23.7352734375,442079,32.6529883437023,1004.4863859185078,73.21990407098129
2026-02-20 16:51:03,1,2,3,23.6969921875,444693,32.909143486214376,1004.4795170627928,73.27749580344054
2026-02-20 16:51:04,1,2,3,23.6555859375,445278,32.99201777133728,1004.4673840162342,73.37922577883481
2026-02-20 16:51:05,1,2,3,23.6157421875,446159,32.9883980306607,1004.4663353045444,73.38801878730769
2026-02-20 16:51:06,1,2,2,23.581171875,451215,32.93111841751012,1004.4640013832324,73.40758776709019
2026-02-20 16:51:07,1,2,2,23.5594921875,449120,32.83716502371101,1004.4613593109003,73.42974051212008
2026-02-20 16:51:08,1,2,2,23.53625,452725,32.77016882940606,1004.4628537971547,73.41720982253287
2026-02-20 16:51:09,1,1,1,23.488984375,457313,32.701044515530995,1004.4662122770227,73.38905032206212
2026-02-20 16:51:10,1,1,1,23.3532421875,457932,32.516063702048356,1004.4728848762185,73.33310349256595
2026-02-20 16:51:11,1,1,1,23.1755078125,462627,32.2738139307655,1004.4730384048821,73.33181622532798
2026-02-20 16:51:12,1,1,1,22.981171875,465490,31.976934206510965,1004.4789069561015,73.28261124168755
2026-02-20 16:51:13,1,1,1,22.792890625,471654,31.697486720608797,1004.4880423551688,73.20601577092711
2026-02-20 16:51:14,1,1,1,22.5954296875,474298,31.417985048260743,1004.4899979540694,73.18961918575957
2026-02-20 16:51:15,0,1,1,22.4274609375,472642,31.168447863641973,1004.4908026558809,73.18287222598768
2026-02-20 16:51:16,0,1,1,22.25734375,479676,30.951282490153254,1004.5030592177654,73.08010857684444
2026-02-20 16:51:17,0,1,1,22.0680859375,480698,30.75956174523816,1004.4964215730073,73.13576097420976
2026-02-20 16:51:18,0,1,1,21.9157421875,483445,30.581966952443405,1004.5096730114253,73.02465645180696
2026-02-20 16:51:19,0,1,1,21.7540234375,484137,30.425127500161153,1004.507006358286,73.04701447440166
2026-02-20 16:51:20,0,1,1,21.5817578125,490096,30.325949032933195,1004.510054134812,73.02146100253869
2026-02-20 16:51:21,0,1,1,21.417890625,490807,30.2487833259994,1004.5102714132794,73.01963927714641
2026-02-20 16:51:22,0,1,1,21.26359375,493671,30.18837744441903,1004.5113419211787,73.01066383454092
2026-02-20 16:51:23,0,1,1,21.134296875,490807,30.15653851090082,1004.515721044227,72.97394810242226
2026-02-20 16:51:24,0,1,1,21.0251171875,489034,30.179248772780483,1004.5253227415342,72.89344537256379
2026-02-20 16:51:25,0,1,1,20.936640625,492952,30.21953203008794,1004.5209401986119,72.93018949347959
2026-02-20 16:51:26,0,1,1,20.84484375,492952,30.333603785785314,1004.5227148269955,72.9153106367029
2026-02-20 16:51:27,0,1,1,20.7548046875,496205,30.45847415588183,1004.5257343461942,72.88999440301247
2026-02-20 16:51:28,0,1,1,20.657734375,497664,30.593436554130477,1004.5134770643464,72.99276221025906
2026-02-20 16:51:29,0,1,1,20.5403515625,500609,30.72149236264215,1004.5123592938088,73.00213390031718
2026-02-20 16:51:30,0,1,1,20.428828125,503589,30.844805997134365,1004.5143401705463,72.98552570056769
2026-02-20 16:51:31,0,1,1,20.338203125,504715,30.964630578197053,1004.5094688653855,73.02636807195711
2026-02-20 16:51:32,0,1,1,20.2301953125,507364,31.083065733178678,1004.5055041616985,73.05960936392056
2026-02-20 16:51:34,0,1,1,20.120625,509656,31.196116107516197,1004.4988497371259,73.11540233969463
2026-02-20 16:51:35,0,1,1,20.01515625,513913,31.29360791942981,1004.4973910557399,73.12763246424815
2026-02-20 16:51:36,0,1,1,19.9227734375,516265,31.402892201435044,1004.4860242915519,73.22293611433005
2026-02-20 16:51:37,0,0,0,19.8411328125,516265,31.513142846856326,1004.4877275308015,73.20865539670386
2026-02-20 16:51:38,0,0,0,19.770625,514694,31.640391756290988,1004.4880274901228,73.20614040598349
2026-02-20 16:51:39,0,0,0,19.6895703125,517054,31.756160880379575,1004.4889834438312,73.1981252742044
2026-02-20 16:51:40,0,0,0,19.6063671875,520233,31.86647653849634,1004.4829152622997,73.2490036529689
2026-02-20 16:51:41,0,0,0,19.5301953125,520633,31.972111873422623,1004.4802950448807,73.27097281793617
2026-02-20 16:51:42,0,0,0,19.446015625,523452,32.066428424924766,1004.4876526987093,73.2092828219364
2026-02-20 16:51:43,0,0,0,19.375703125,526711,32.151281303645476,1004.4898409197583,73.19093582823963
2026-02-20 16:51:44,0,0,0,19.2977734375,525892,32.21946706334018,1004.4925763523488,73.16800082132418
2026-02-20 16:51:45,0,0,0,19.2071484375,528768,32.31868897897186,1004.4990296766082,73.11389366148133
2026-02-20 16:51:46,0,1,1,19.146796875,529182,32.42056433545651,1004.4961381381164,73.13813740075288
2026-02-20 16:51:47,0,1,1,19.092109375,532094,32.5337016020942,1004.4960878274157,73.13855922496691
2026-02-20 16:51:48,0,1,1,19.0196484375,536310,32.634647664110204,1004.5046123751084,73.0670863908966
2026-02-20 16:51:49,0,1,1,18.9508984375,533352,32.74669786307667,1004.5042675305507,73.0699776805581
2026-02-20 16:51:50,0,1,1,18.8950390625,533772,32.85993481862154,1004.5055470218526,73.05925001066865
2026-02-20 16:51:51,0,1,1,18.84640625,536735,32.995367719932005,1004.5089579208249,73.03065198193137
2026-02-20 16:51:52,0,1,1,18.7946484375,534615,33.15215241814042,1004.5053916539553,73.06055266489952
2026-02-20 16:51:53,0,1,1,18.7462109375,534615,33.30399079906382,1004.5107905180678,73.01528695403468
2026-02-20 16:51:54,0,1,1,18.702265625,536310,33.477925218401495,1004.5170605364956,72.96271746893356
2026-02-20 16:51:55,0,1,1,18.66984375,541459,33.701648298214856,1004.5125893079622,73.00020539884282
2026-02-20 16:51:56,0,1,1,18.6458203125,538443,33.94807278835761,1004.5072098351754,73.04530846122034
2026-02-20 16:51:57,0,1,1,18.627265625,538443,34.18455363501338,1004.5043641475122,73.0691676122407
2026-02-20 16:51:58,0,1,1,18.6044140625,541892,34.39389467964819,1004.5026428738779,73.08359934475997
2026-02-20 16:51:59,0,1,1,18.57765625,541892,34.60316784493445,1004.5027055934789,73.08307348234557
2026-02-20 16:52:00,0,1,1,18.540546875,544508,34.77371430954433,1004.4986816240994,73.11681186079176
2026-02-20 16:52:01,1,1,1,18.5020703125,544946,34.884448206191024,1004.4956964219122,73.14184091945033
2026-02-20 16:52:02,1,1,1,18.4633984375,544946,34.94079398092629,1004.502447662939,73.08523605967531
2026-02-20 16:52:03,1,1,1,18.4216015625,546266,34.97509300488032,1004.5005454224698,73.10118510432476
2026-02-20 16:52:04,1,2,2,18.361640625,546266,34.996852700956026,1004.5065023625482,73.05124013177254
2026-02-20 16:52:05,1,2,2,18.2872265625,553865,35.02274264009576,1004.5097986224469,73.02360329238044
2026-02-20 16:52:06,1,2,2,18.206953125,553865,35.57721437996113,1004.5165768955338,72.96677243261934
2026-02-20 16:52:07,1,2,2,18.1372265625,551608,35.625436856846086,1004.5143318402057,72.98559554431144
2026-02-20 16:52:08,1,2,2,18.085078125,555228,35.65888997751185,1004.5267247872792,72.88169036657739
2026-02-20 16:52:09,1,2,2,18.056171875,560748,35.672623470059264,1004.5314768756258,72.84184809423513
2026-02-20 16:52:10,1,2,2,18.042109375,559821,35.44190485492761,1004.5328349725222,72.83046161965505
2026-02-20 16:52:11,1,2,2,18.0317578125,558896,35.632110933564896,1004.5421528823841,72.7523392945382
2026-02-20 16:52:12,1,2,2,18.0301953125,560284,35.58278926783802,1004.5512515562153,72.67605563329269
2026-02-20 16:52:13,1,2,2,18.031171875,563081,35.577415953053745,1004.5562604786392,72.6340608573522
2026-02-20 16:52:14,1,2,2,18.033515625,565906,35.35926757523102,1004.5635842512653,72.57265869620109
2026-02-20 16:52:15,1,2,2,18.0520703125,565906,35.306423869788766,1004.558088598661,72.61873395214636
2026-02-20 16:52:16,1,2,2,18.068671875,566379,35.36794301403386,1004.5593513876552,72.60814677905537
2026-02-20 16:52:17,1,2,2,18.0860546875,565433,35.391360894600034,1004.5619357165008,72.58647990159974
2026-02-20 16:52:18,1,2,2,18.1063671875,568759,35.33866418128527,1004.571156799118,72.50917119653562
2026-02-20 16:52:19,1,2,2,18.131171875,569237,35.39004126833845,1004.5745579253379,72.48065661345898
2026-02-20 16:52:20,1,2,2,18.1591015625,569237,35.63292048499214,1004.5748566917656,72.4781517997995
2026-02-20 16:52:21,1,2,2,18.178046875,569237,35.62373607626003,1004.5800800380604,72.43436013237378
2026-02-20 16:52:22,1,2,2,18.1903515625,573093,35.51012680057739,1004.5740603395171,72.48482830092553
2026-02-20 16:52:23,1,2,2,18.18234375,570677,35.55855446057597,1004.5789635925743,72.44372021033035
2026-02-20 16:52:24,1,2,2,18.1704296875,576020,35.6667670681838,1004.5789315839095,72.4439885653385
2026-02-20 16:52:25,1,2,2,18.152265625,577494,35.66509005856879,1004.5800644732994,72.43449062447137
2026-02-20 16:52:26,1,2,2,18.1243359375,575041,35.66797919629938,1004.5747306979607,72.47920811320105
2026-02-20 16:52:27,1,2,2,18.099921875,576020,35.67119314919636,1004.5787018702126,72.44591444470731
2026-02-20 16:52:28,1,1,2,18.0809765625,577494,35.691314142672134,1004.5785062822324,72.44755422033792
2026-02-20 16:52:29,1,1,2,18.0411328125,576020,35.72591256633446,1004.5781590063151,72.45046572189625
2026-02-20 16:52:30,1,1,2,17.996796875,578481,35.6944811982647,1004.5802644364568,72.43281417022664
2026-02-20 16:52:31,1,1,2,17.9579296875,578976,35.68543022505554,1004.5765232856389,72.46417933365815
2026-02-20 16:52:32,1,1,2,17.9149609375,578481,35.69786878348401,1004.5691853972507,72.52569919943419
2026-02-20 16:52:33,1,1,2,17.8704296875,578976,35.61179658042992,1004.5692583176601,72.52508784277474
2026-02-20 16:52:34,1,1,2,17.81359375,578481,35.69946166940642,1004.5635789081637,72.57270349238047
2026-02-20 16:52:35,1,1,2,17.75890625,579968,35.716289324088656,1004.558170853494,72.61804433054357
2026-02-20 16:52:36,1,1,2,17.7098828125,578976,35.903189930656055,1004.5589900319147,72.61117637022241
2026-02-20 16:52:37,1,1,2,17.650703125,578481,35.919610708444914,1004.556009923138,72.63616150916312
2026-02-20 16:52:38,1,1,2,17.60109375,580466,35.96428402806191,1004.5507833777269,72.67998084763188
2026-02-20 16:52:39,1,1,2,17.544453125,579472,36.21651097590536,1004.5504008587836,72.68318789236662
2026-02-20 16:52:40,1,2,2,17.461640625,575530,36.148531911362745,1004.5492498326784,72.69283811899214
2026-02-20 16:52:41,1,2,2,17.4001171875,580964,36.2359979044651,1004.5489406467078,72.69543034207565
2026-02-20 16:52:42,1,2,2,17.351484375,581963,36.37407465370478,1004.5520204927848,72.66960886263142
2026-02-20 16:52:43,1,1,2,17.29171875,581963,36.450828597423914,1004.5496323258076,72.689631287708
2026-02-20 16:52:44,1,1,2,17.2301953125,582464,36.59885423903308,1004.5626825105439,72.58021882792707
2026-02-20 16:52:45,1,1,2,17.167109375,581463,36.570989115142254,1004.5630125757058,72.57745158384493
2026-02-20 16:52:46,1,2,2,17.1059765625,581963,36.63120319334992,1004.5632845363381,72.57517148477763
2026-02-20 16:52:47,1,2,2,17.0391796875,584476,36.690904307650136,1004.5572903150196,72.62542673624596
2026-02-20 16:52:48,1,2,2,16.9813671875,586502,36.81744911496946,1004.5564562601279,72.63241942995253
2026-02-20 16:52:49,1,2,3,16.9169140625,584981,36.84991505533567,1004.5661242071976,72.55136391119879
2026-02-20 16:52:50,1,2,3,16.863203125,586502,37.08158179763403,1004.5671874210099,72.54245002557145
2026-02-20 16:52:51,1,2,3,16.8175,587520,37.18197767857423,1004.5734407047867,72.49002323111479
2026-02-20 16:52:53,1,2,3,16.7747265625,580466,37.25513036722728,1004.5779530147113,72.452192720456
2026-02-20 16:52:54,1,2,3,16.71828125,583468,37.34357038005465,1004.58104265866,72.42628970133656
2026-02-20 16:52:55,1,2,3,16.673359375,584981,37.394504340872,1004.5802180099523,72.43320340145905
2026-02-20 16:52:56,1,2,3,16.623359375,584476,37.44497004644838,1004.5808183654914,72.42817013274617
2026-02-20 16:52:57,1,2,3,16.564765625,585487,37.571956456818576,1004.5768783018034,72.46120293528662
2026-02-20 16:52:58,1,2,3,16.5098828125,583468,37.86533433983814,1004.5741957561883,72.48369298700042
2026-02-20 16:52:59,1,2,2,16.4563671875,579472,37.79383724504472,1004.5687981414762,72.5289459096839
2026-02-20 16:53:00,1,2,2,16.419453125,578976,37.91206142088313,1004.564768867995,72.56272695997644
2026-02-20 16:53:01,1,2,2,16.382734375,578976,38.069168019725765,1004.5727796410212,72.49556549935417
2026-02-20 16:53:02,1,2,2,16.348359375,577002,38.149014046071215,1004.574718684539,72.47930883195666
2026-02-20 16:53:03,1,2,2,16.3094921875,577002,38.617201890275894,1004.579072286758,72.44280893749358
2026-02-20 16:53:04,1,2,2,16.2841015625,572608,38.45358717142153,1004.5845274113301,72.39707423917298
2026-02-20 16:53:05,1,2,3,16.258125,575041,38.89605125146896,1004.580619568791,72.42983680688317
2026-02-20 16:53:06,1,2,3,16.2407421875,570677,39.0950098932848,1004.5795755343474,72.43858979963346
2026-02-20 16:53:07,1,2,3,16.2278515625,572608,39.20533309697314,1004.5894968732811,72.3554114163863
2026-02-20 16:53:08,1,2,2,16.2091015625,572124,39.44366262953122,1004.5978421798567,72.28544666632752
2026-02-20 16:53:09,1,2,2,16.2469921875,559358,39.67114471667092,1004.6018896526343,72.25151393966156
2026-02-20 16:53:10,1,2,2,16.25109375,554773,40.01340417734535,1004.5954624073443,72.30539797515615
2026-02-20 16:53:11,1,1,2,16.2493359375,555684,40.56400453621929,1004.584114872974,72.40053287309706
2026-02-20 16:53:12,1,1,2,16.238203125,554773,41.3587016409205,1004.5836338757524,72.40456545305935
2026-02-20 16:53:13,1,1,2,16.2219921875,557975,41.96929572425727,1004.5929415283692,72.32653232056249
2026-02-20 16:53:14,1,1,2,16.1966015625,552509,42.36473710195786,1004.6017315988397,72.2528390104136
2026-02-20 16:53:15,1,1,2,16.16828125,556141,42.6410081271873,1004.6088936891887,72.1927945825386
2026-02-20 16:53:16,1,1,2,16.1415234375,558435,42.6895472923281,1004.6153568583671,72.13860995964649
2026-02-20 16:53:17,1,2,3,16.121796875,556598,42.887266021821894,1004.6270547289519,72.04054041359257
2026-02-20 16:53:18,1,2,3,16.0997265625,557975,42.907797918403105,1004.6481555058526,71.86364358044366
2026-02-20 16:53:19,1,2,3,16.085078125,559358,42.89483767606892,1004.6667917324193,71.70741062811011
2026-02-20 16:53:20,1,2,2,16.0798046875,557515,42.84288941634151,1004.6762435598797,71.62817408364253
2026-02-20 16:53:21,1,2,2,16.0813671875,555684,42.76884416240709,1004.6922764080855,71.49376891712998
2026-02-20 16:53:22,1,2,2,16.077265625,556141,42.545994032253,1004.700371006928,71.42591164598913
2026-02-20 16:53:23,1,2,3,16.065546875,557515,42.56757086278572,1004.7122667480501,71.32619008545952
2026-02-20 16:53:24,1,2,3,16.0567578125,555684,42.57805477681673,1004.727460273302,71.19882471207664
2026-02-20 16:53:25,1,2,3,16.05578125,559358,42.549454759366576,1004.7458747661069,71.04446047127263
2026-02-20 16:53:26,1,2,3,16.051484375,559358,42.3838180425547,1004.7536368191635,70.97939374356518
2026-02-20 16:53:27,1,2,3,16.0391796875,556598,42.17203256901998,1004.7544999011453,70.97215883744543
2026-02-20 16:53:28,1,2,3,16.019453125,558896,42.41465308626496,1004.777890680331,70.77608425687662
2026-02-20 16:53:29,1,2,3,15.9977734375,557056,42.34408927397768,1004.7962911258628,70.62184403854495
2026-02-20 16:53:30,1,2,3,15.9821484375,556141,42.251433969532265,1004.8149296340047,70.46561061159017
2026-02-20 16:53:31,1,2,3,15.963203125,561213,41.86316417181574,1004.8178963667888,70.4407428061105
2026-02-20 16:53:32,2,2,3,15.9430859375,555228,42.190524625853,1004.8272341140838,70.36247214640427
2026-02-20 16:53:33,2,2,3,15.924921875,556141,42.2511990606585,1004.8499184399557,70.17233054291006
2026-02-20 16:53:34,2,2,3,15.91046875,558435,42.24970378130574,1004.8788990849238,69.92941780949509
2026-02-20 16:53:35,2,2,2,15.897578125,556598,42.16876741297681,1004.892135272117,69.81847536054754
2026-02-20 16:53:36,2,2,2,15.8794140625,556598,42.2351179700376,1004.9198291737061,69.58635575124791
2026-02-20 16:53:37,2,2,2,15.864765625,557515,42.216544834804516,1004.935094593467,69.45840910082481
2026-02-20 16:53:38,2,2,2,15.859296875,555228,42.318358700130254,1004.9458765751074,69.3680411986302
2026-02-20 16:53:39,2,2,2,15.8700390625,557056,42.308091976415405,1004.9590962871112,69.25724281944338
2026-02-20 16:53:40,2,2,2,15.8969921875,556141,42.35640536304395,1004.983113757435,69.0559482024011
2026-02-20 16:53:41,2,2,2,15.931171875,554773,42.35994847758686,1004.999329967983,68.92003951001446
2026-02-20 16:53:42,2,2,2,15.963203125,558435,42.21534933368606,1005.0118957014645,68.8147268291946
2026-02-20 16:53:43,2,2,2,16.003828125,553865,42.06607435035841,1005.0206484477628,68.741371201948
2026-02-20 16:53:44,2,3,3,16.0454296875,562145,42.366110586654386,1005.0578147482795,68.42989103742681
2026-02-20 16:53:45,2,3,3,16.0856640625,554773,42.28491578628653,1005.0608755756217,68.40423953210735
2026-02-20 16:53:46,2,3,3,16.121796875,557056,42.31711816307733,1005.0854060053972,68.19866261249146
2026-02-20 16:53:47,2,3,3,16.1508984375,555684,41.797351897269934,1005.07123247956,68.31744314967537
2026-02-20 16:53:48,2,3,3,16.1622265625,555228,41.81553769215729,1005.0469636123124,68.52083034915582
2026-02-20 16:53:49,2,3,3,16.1688671875,555228,41.91838574034584,1005.0415049398808,68.56657774156629
2026-02-20 16:53:50,2,3,3,16.182734375,555228,41.87439935374953,1005.0315811259165,68.64974657619405
2026-02-20 16:53:51,2,3,3,16.205,553865,42.55931384060949,1005.0643511708223,68.37511210868041
2026-02-20 16:53:52,2,3,3,16.22921875,560748,41.82810676856306,1005.0502430244845,68.49334673856328
2026-02-20 16:53:53,2,3,3,16.246796875,555684,41.824241906269705,1005.0332274131636,68.635949436423
2026-02-20 16:53:54,2,3,3,16.25421875,552058,41.84203199231795,1005.024071741783,68.71268116115289
2026-02-20 16:53:55,2,3,3,16.2536328125,553865,41.86467546556711,1005.0046725570425,68.87526345182759
2026-02-20 16:53:56,2,3,3,16.2458203125,557515,41.86387033830855,1004.9947609171178,68.95833272365999
2026-02-20 16:53:57,2,3,3,16.2329296875,554319,41.85119018154934,1004.9812509429195,69.07156063713495
2026-02-20 16:53:58,2,3,3,16.2024609375,557515,41.82535210741462,1004.9780632393949,69.09827715350289
2026-02-20 16:53:59,2,3,3,16.167890625,555684,41.81044647146348,1004.9729297642756,69.14130155357624
2026-02-20 16:54:00,2,3,3,16.1286328125,556598,41.78371725059251,1004.9748916565762,69.12485862843566
2026-02-20 16:54:01,2,3,3,16.083125,557975,41.77336958038912,1004.972929541142,69.14130342369782
2026-02-20 16:54:02,1,2,2,16.0462109375,550710,41.75256567659656,1004.9671463183595,69.18977366641737
2026-02-20 16:54:03,1,2,2,16.0128125,552509,41.74346840687915,1004.9656525925188,69.20229289125139
2026-02-20 16:54:04,1,2,2,15.9805859375,551608,41.73449360364209,1004.954436116656,69.29630097385433
2026-02-20 16:54:05,1,2,2,15.94640625,555228,41.74232921048415,1004.9432455846469,69.39009246117261
2026-02-20 16:54:06,1,2,2,15.9094921875,552058,41.72720796840329,1004.9441321991383,69.38266142599461
2026-02-20 16:54:07,1,2,2,15.8743359375,552058,41.72360750263882,1004.9346193469557,69.46239234124005
2026-02-20 16:54:08,1,2,2,15.842109375,555684,41.73731393450706,1004.9350919018613,69.45843166029438
2026-02-20 16:54:09,1,2,2,15.8016796875,552960,41.733175585265414,1004.9366814211487,69.44510924327422
2026-02-20 16:54:10,1,2,2,15.7579296875,552960,41.74003582565325,1004.940985793003,69.40903261232793
2026-02-20 16:54:11,1,2,2,15.7102734375,553865,41.752166116754964,1004.9453358763874,69.37257298221778
2026-02-20 16:54:13,1,2,2,15.6628125,554319,41.76998642991322,1004.9433204507546,69.3894649811723
2026-02-20 16:54:14,1,2,2,15.6145703125,554319,41.79906698470643,1004.944983357639,69.37552756523402
2026-02-20 16:54:15,1,2,2,15.5712109375,554773,41.82298077442475,1004.9465705252574,69.36222496452575
2026-02-20 16:54:16,1,2,2,15.533125,555684,41.86444876924306,1004.9604472376041,69.24592016382722
2026-02-20 16:54:17,1,2,2,15.4938671875,556598,41.911477199770665,1004.9673121560153,69.18838374769429
2026-02-20 16:54:18,1,2,2,15.4544140625,556598,41.941475595793584,1004.9704955711795,69.16170294142498
2026-02-20 16:54:19,1,2,2,15.417109375,556141,41.97169799575596,1004.9739787820968,69.13250956849
2026-02-20 16:54:20,1,2,2,15.3805859375,556598,42.02470542197579,1004.9821242595303,69.06424128037482
2026-02-20 16:54:21,1,2,2,15.341328125,556598,42.07176926258086,1004.9789351421535,69.09096962760532
2026-02-20 16:54:22,1,2,2,15.3034375,557056,42.10762743087922,1004.9780620247501,69.0982873335955
2026-02-20 16:54:23,1,2,2,15.26515625,555684,42.16048935403135,1004.9781897537607,69.09721682048249
2026-02-20 16:54:24,1,2,2,15.2341015625,555684,42.21410678670527,1004.9839053525154,69.0493137719703
2026-02-20 16:54:25,1,2,2,15.2067578125,558435,42.27380316130995,1004.98088639461,69.07461595571414
2026-02-20 16:54:26,1,2,2,15.1821484375,558896,42.31674494695374,1004.9808393726682,69.07501005173037
2026-02-20 16:54:27,1,2,2,15.1606640625,557515,42.38276286532616,1004.9760767904812,69.11492584906411
2026-02-20 16:54:28,1,2,2,15.1380078125,554773,42.442995259135834,1004.9659810139597,69.19954032202361
2026-02-20 16:54:29,1,2,2,15.111640625,557515,42.5028647239992,1004.969621511109,69.16902859783733
2026-02-20 16:54:30,1,2,2,15.0852734375,559821,42.56844581395798,1004.971588520857,69.15254273866591
2026-02-20 16:54:31,1,2,2,15.0548046875,558435,42.616542706158526,1004.9766038355074,69.11050861120479
2026-02-20 16:54:32,1,2,2,15.026484375,556598,42.664873083028915,1004.9719052118536,69.14988849743874
2026-02-20 16:54:33,1,2,2,14.9954296875,557056,42.735723181448094,1004.9742466697869,69.13026436037694
2026-02-20 16:54:34,1,2,2,14.964765625,557056,42.78954018734289,1004.9688982960014,69.17508999908317
2026-02-20 16:54:35,1,2,2,14.933515625,556598,42.8433112385328,1004.9692296270249,69.17231305129158
2026-02-20 16:54:36,1,2,2,14.9012890625,560748,42.891292790345105,1004.9645577993668,69.21146858838323
2026-02-20 16:54:37,1,2,2,14.8758984375,559358,42.95710840268809,1004.9681596075144,69.18128108926764
2026-02-20 16:54:38,1,2,2,14.8481640625,557975,43.01129018356659,1004.9661057235904,69.19849510454424
2026-02-20 16:54:39,1,2,2,14.817109375,560748,43.0765595509962,1004.9667530818454,69.1930694614121
2026-02-20 16:54:40,1,2,2,14.788203125,558896,43.1363636450031,1004.9743862595249,69.12909443740789
2026-02-20 16:54:41,1,2,2,14.7534375,557975,43.2070023901145,1004.9804028441707,69.07866864532171
2026-02-20 16:54:42,2,3,3,14.7176953125,557515,43.30042768017013,1004.979746055277,69.08417326806546
2026-02-20 16:54:43,2,3,3,14.6833203125,557515,43.376886144736304,1004.9797385074962,69.08423652689505
2026-02-20 16:54:44,2,3,3,14.649921875,556598,43.45919822237595,1004.9730406700514,69.14037203429105
2026-02-20 16:54:45,2,3,4,14.6159375,560284,43.53576141934274,1004.9686804908602,69.17691546545193
2026-02-20 16:54:46,2,3,4,14.581953125,558435,43.63526108598064,1004.9643157084851,69.21349760528143
2026-02-20 16:54:47,2,3,4,14.5719921875,559358,43.73733236291799,1004.9640713182797,69.21554589371758
2026-02-20 16:54:48,1,3,3,14.5675,557515,43.84577353856354,1004.9614414009069,69.23758783919781
2026-02-20 16:54:49,1,3,3,14.563203125,555228,43.96004424345651,1004.960812237463,69.24286101039168
2026-02-20 16:54:50,1,3,3,14.5606640625,557056,44.063095278137126,1004.9681775118935,69.18113102917843
2026-02-20 16:54:51,2,3,4,14.5684765625,555228,44.18454119284109,1004.9597638696416,69.251647640934
2026-02-20 16:54:52,2,3,4,14.5883984375,552058,44.30736204246551,1004.9635901040175,69.21957905820574
2026-02-20 16:54:53,2,3,4,14.614375,552509,44.4366792009971,1004.9760380223372,69.11525077036175
2026-02-20 16:54:54,2,3,4,14.6450390625,552509,44.555086588202634,1004.9714169262737,69.15398090240251
2026-02-20 16:54:55,2,3,4,14.679609375,549369,44.68553411689413,1004.9650854149935,69.20704652720474
2026-02-20 16:54:56,2,3,4,14.7130078125,546266,44.8332800931423,1004.9617637344287,69.23488628491977
2026-02-20 16:54:57,2,3,4,14.751875,546266,44.975983418405555,1004.962723682062,69.22684073856593
2026-02-20 16:54:58,2,3,4,14.79484375,546266,45.119266446355056,1004.960631522018,69.2443756307951
2026-02-20 16:54:59,2,3,4,14.8391796875,544070,45.22234338939328,1004.9591849358184,69.25649983197144
2026-02-20 16:55:00,2,3,4,14.8846875,544070,45.314048291943905,1004.956381723336,69.27999429795842
2026-02-20 16:55:01,2,3,4,14.930390625,544070,45.376883487916466,1004.9505614434939,69.3287757737483
2026-02-20 16:55:02,2,3,4,14.9798046875,541459,45.41698448471082,1004.9443572493266,69.38077520021076
2026-02-20 16:55:03,2,3,4,15.034296875,542761,45.44606654721299,1004.9567895441634,69.27657624033422
2026-02-20 16:55:04,2,3,4,15.1034375,541459,45.45936848474295,1004.9807374384831,69.07586437328895
2026-02-20 16:55:05,2,3,4,15.178828125,540594,45.48494930362154,1005.011947039919,68.81429656678169
2026-02-20 16:55:06,2,3,4,15.249140625,540162,45.47521251258853,1005.0579000536079,68.42917612852763
2026-02-20 16:55:07,2,3,4,15.3153515625,541026,45.44764591024586,1005.0952028704501,68.1165612587773
2026-02-20 16:55:08,2,3,4,15.3743359375,540594,45.413502300175864,1005.118547047751,67.92093102780002
2026-02-20 16:55:09,2,3,4,15.4356640625,537161,45.379619471204165,1005.1391773078954,67.74804718528165
2026-02-20 16:55:10,2,3,4,15.5005078125,538015,45.346125052747965,1005.177465233893,67.4271977805414
2026-02-20 16:55:11,2,3,4,15.576484375,543197,45.28488835054702,1005.2179381366894,67.0880492237765
2026-02-20 16:55:12,2,3,3,15.649921875,539731,45.223392266463705,1005.2707988828073,66.64511158815547
2026-02-20 16:55:13,2,3,3,15.718671875,540594,45.16140328503094,1005.3207018923968,66.22697510822863
2026-02-20 16:55:14,2,3,3,15.790546875,539731,45.07662653344898,1005.3575105736157,65.91856655567436
2026-02-20 16:55:15,2,2,2,15.8778515625,536735,45.016695294045036,1005.3937542456359,65.61490097366494
2026-02-20 16:55:16,2,2,2,15.976484375,538015,44.929098861599954,1005.4174348885396,65.41649881709786
2026-02-20 16:55:17,2,2,2,16.0774609375,544070,44.83023234481335,1005.4266597048488,65.33921209786897
2026-02-20 16:55:18,2,2,2,16.1798046875,545825,44.714229416162354,1005.4331448518242,65.28487903084208
2026-02-20 16:55:19,2,2,2,16.283125,545825,44.58107696936435,1005.4462636772757,65.17496935589777
2026-02-20 16:55:20,2,2,2,16.3883984375,545825,44.4482188998457,1005.4626552116088,65.03764251899987
2026-02-20 16:55:21,2,3,3,16.4954296875,545385,44.2983409445536,1005.4702702439525,64.9738450626465
2026-02-20 16:55:22,2,3,3,16.6034375,548479,44.14867495727478,1005.4727983880928,64.95266478402905
2026-02-20 16:55:23,2,3,3,16.711640625,548479,43.993381347608405,1005.4739331032059,64.9431583850797
2026-02-20 16:55:24,2,2,2,16.8208203125,550263,43.844057788852766,1005.4917456278413,64.79393002660674
2026-02-20 16:55:25,2,2,2,16.9317578125,549816,43.66055674620287,1005.4957445612741,64.76042837295414
2026-02-20 16:55:26,2,2,2,17.0419140625,549369,43.5058343093456,1005.4883139524748,64.82267947829834
2026-02-20 16:55:27,1,2,2,17.1508984375,552058,43.30522334644462,1005.4905682771075,64.8037934762927
2026-02-20 16:55:28,1,2,2,17.260078125,551159,43.162119579208266,1005.4847233076797,64.852760808822
2026-02-20 16:55:29,1,2,2,17.36203125,548924,43.00116725607247,1005.4900339776264,64.80826966128437
2026-02-20 16:55:30,1,2,2,17.4575390625,549369,42.891141666352524,1005.4961057007855,64.75740287883286
2026-02-20 16:55:31,1,2,2,17.546015625,549816,42.81473801784602,1005.4918940621111,64.7926864947277
2026-02-20 16:55:32,1,2,2,17.632734375,547592,42.801077285662075,1005.5014343359868,64.7127616334572
2026-02-20 16:55:34,1,2,2,17.7149609375,546266,42.84987343258469,1005.4982978448985,64.73903791986466
2026-02-20 16:55:35,1,2,2,17.8001171875,548924,42.89901335740359,1005.5034511451846,64.69586563578103
2026-02-20 16:55:36,1,2,2,17.88078125,545385,42.90762357105352,1005.4976051232373,64.74484127792208
2026-02-20 16:55:37,2,3,3,17.9583203125,547592,42.88155453821934,1005.5015313110126,64.71194921596263
2026-02-20 16:55:38,2,3,3,18.0301953125,544946,42.80337170386504,1005.5075779171196,64.66129332391625
2026-02-20 16:55:39,2,3,3,18.1001171875,548035,42.7250078674222,1005.510293435992,64.638543943
2026-02-20 16:55:40,1,2,2,18.171015625,544946,42.6181866792381,1005.5146426838427,64.6021080280785
