timestamp,latitude,longitude,accuracy
1777068517.4465168,37.8751476,-122.256146,100.0
1777068540.5163388,37.87598056374323,-122.25901243936423,7.96200014759407
1777068540.5192428,37.87598056374323,-122.25901243936423,7.96200014759407
1777068540.5221655,37.87598056374335,-122.25901243936431,22.995013999999998
1777068540.5441675,37.875986464682455,-122.2590300435002,16.26781222356452
1777068542.5676608,37.875986464682455,-122.2590300435002,16.26781222356452
1777068542.571592,37.875986464682455,-122.2590300435002,16.26781222356452
1777068542.5751705,37.875986464682455,-122.2590300435002,16.395014
1777068542.5991051,37.875981669493,-122.25897494093412,18.476679372442575
1777068544.2724516,37.8759730969228,-122.25901486892576,16.100443563700612
1777068547.5028224,37.8751476,-122.256146,100.0
1777068550.4575045,37.875975833174586,-122.25901528628366,15.54127835028953
1777068560.29651,37.87597236401632,-122.25899353592791,20.002866661994602
1777068577.5036027,37.8760492,-122.2586326,16.208999633789062
1777068583.1926732,37.8760445,-122.2586297,27.281999588012695
1777068583.7396207,37.8760438,-122.2586248,27.30900001525879
1777068584.1772873,37.8760435,-122.2586221,27.35099983215332
1777068584.8901985,37.8760435,-122.2586167,27.413999557495117
1777068585.2490659,37.8760435,-122.2586193,27.466999053955078
1777068585.344107,37.8760435,-122.2586152,27.52400016784668
1777068586.250763,37.8760451,-122.2586085,27.56399917602539
1777068586.8186014,37.8760469,-122.2586094,27.535999298095703
1777068587.4371874,37.876048,-122.2586098,27.549999237060547
1777068588.1155992,37.876052,-122.2586008,27.104000091552734
1777068588.2180715,37.8760538,-122.2585978,26.695999145507812
1777068589.0941935,37.8760848,-122.258535,25.726999282836914
1777068589.1663086,37.8760979,-122.2585175,24.895000457763672
1777068589.5935912,37.8761058,-122.2585066,23.885000228881836
1777068590.2401888,37.87611,-122.2584994,22.395999908447266
1777068590.3649726,37.8761674,-122.2583442,21.277000427246094
1777068590.8763158,37.8761947,-122.2582726,19.645999908447266
1777068591.0791998,37.8762103,-122.258232,18.38800048828125
1777068591.3273978,37.8762172,-122.2582234,16.47599983215332
1777068591.785899,37.8762201,-122.2582208,15.598999977111816
1777068592.068633,37.8762172,-122.2582204,13.809000015258789
1777068592.2239132,37.8762193,-122.2582227,13.116999626159668
1777068592.6336737,37.8762202,-122.2582234,11.444999694824219
1777068592.7418873,37.8762202,-122.2582298,10.972000122070312
1777068593.0930283,37.8762194,-122.2582326,9.717000007629395
1777068593.2520368,37.8762223,-122.2582354,8.456000328063965
1777068593.8743117,37.8762247,-122.2582372,8.201000213623047
1777068594.183763,37.8762241,-122.2582382,7.363999843597412
1777068594.666432,37.8762267,-122.2582402,5.945000171661377
1777068595.0881584,37.8762255,-122.2582422,5.139999866485596
1777068595.0944896,37.8762251,-122.2582428,5.0960001945495605
1777068595.6963332,37.8762281,-122.2582452,4.730000019073486
1777068596.1286402,37.8762269,-122.2582476,4.370999813079834
1777068596.2469964,37.876229,-122.2582507,4.355999946594238
1777068596.8714814,37.87623,-122.2582534,4.264999866485596
1777068597.0749722,37.876228,-122.2582557,4.27400016784668
1777068597.3376253,37.8762293,-122.2582592,4.2870001792907715
1777068597.995616,37.8762296,-122.2582635,4.296000003814697
1777068598.5525768,37.8762235,-122.2582811,4.3429999351501465
1777068599.0682638,37.8762168,-122.2582921,4.439000129699707
1777068599.7123444,37.8762154,-122.2583014,4.622000217437744
1777068600.0916834,37.876212,-122.2583079,4.769000053405762
1777068600.204314,37.8762137,-122.2583099,4.919000148773193
1777068600.4783504,37.8762146,-122.2583106,5.045000076293945
1777068600.7597094,37.8762092,-122.2583217,5.201000213623047
1777068601.0644093,37.8762069,-122.2583271,5.374000072479248
1777068601.3179634,37.8762074,-122.2583312,5.64300012588501
1777068601.8907979,37.8762067,-122.2583386,5.947000026702881
1777068602.06288,37.8762018,-122.2583504,6.1529998779296875
1777068602.44317,37.8762026,-122.2583526,6.644999980926514
1777068603.1797612,37.876202,-122.2583588,7.298999786376953
1777068603.8112414,37.8761964,-122.2583747,7.690999984741211
1777068604.0809011,37.8761883,-122.2583917,7.723999977111816
1777068604.2374802,37.8761877,-122.2583949,8.277000427246094
1777068604.9383507,37.8761858,-122.2584051,8.555999755859375
1777068605.0966492,37.8761835,-122.2584105,8.557999610900879
1777068605.5035748,37.8761846,-122.2584126,9.20199966430664
1777068606.075845,37.8761854,-122.2584175,9.50100040435791
1777068606.1341066,37.8761871,-122.2584153,9.911999702453613
1777068607.0612817,37.8761904,-122.2584183,10.364999771118164
1777068608.0678372,37.876193,-122.2584174,11.010000228881836
1777068609.0769606,37.8761764,-122.2584477,10.350000381469727
1777068610.2082303,37.8761775,-122.2584458,10.67199993133545
1777068611.0916092,37.876182,-122.2584394,11.322999954223633
1777068612.136807,37.8761892,-122.2584268,12.295999526977539
1777068613.0757031,37.8761951,-122.2584132,13.14799976348877
1777068613.7826092,37.8762049,-122.2583908,15.458000183105469
1777068614.091261,37.8762114,-122.2583758,16.131000518798828
1777068615.070736,37.8762011,-122.2583888,19.173999786376953
1777068615.7801907,37.8762022,-122.2583809,20.177000045776367
1777068616.0868175,37.8761391,-122.2584852,18.030000686645508
1777068616.5451186,37.8761316,-122.2584983,16.638999938964844
1777068617.072623,37.876129,-122.2585031,14.803999900817871
1777068617.884851,37.8761243,-122.2585073,13.491999626159668
1777068618.080112,37.8761201,-122.2585098,12.442999839782715
1777068619.1310694,37.8761172,-122.2585121,9.592000007629395
1777068619.8659685,37.8761088,-122.258514,7.218999862670898
1777068620.0870972,37.8761011,-122.2585154,6.835999965667725
1777068620.429414,37.8760946,-122.2585158,5.185999870300293
1777068621.0581925,37.8760904,-122.258516,3.114000082015991
1777068621.5208287,37.8760754,-122.2585167,3.1040000915527344
1777068622.0711489,37.8760618,-122.2585173,3.0959999561309814
1777068622.122551,37.876058,-122.2585177,3.053999900817871
1777068622.6326582,37.8760499,-122.258519,3.0490000247955322
1777068623.0791314,37.8760406,-122.2585206,3.053999900817871
1777068623.2035136,37.8760359,-122.2585214,3.0490000247955322
1777068623.5139997,37.8760327,-122.2585222,3.0460000038146973
1777068623.778878,37.8760238,-122.2585244,3.0429999828338623
1777068624.0749156,37.8760167,-122.2585259,3.0439999103546143
1777068624.3466547,37.8760099,-122.2585276,3.0409998893737793
1777068624.9147904,37.8760021,-122.2585305,3.0399999618530273
1777068625.0781245,37.8759993,-122.2585317,3.0390000343322754
1777068625.572849,37.8759891,-122.2585352,3.0260000228881836
1777068626.0496504,37.8759822,-122.2585378,3.0
1777068626.6260695,37.8759723,-122.2585397,3.0
1777068627.0698535,37.875964,-122.2585405,3.0
1777068627.239086,37.8759601,-122.2585417,3.0
1777068627.6648507,37.8759556,-122.2585453,3.0
1777068628.1228006,37.8759511,-122.2585493,3.0
1777068628.7837963,37.8759508,-122.2585573,3.003999948501587
1777068629.1774487,37.8759501,-122.2585582,3.00600004196167
1777068630.0887244,37.875951,-122.2585576,3.007999897003174
1777068630.966936,37.8759513,-122.2585564,3.0209999084472656
1777068631.316644,37.8759457,-122.2585504,3.0190000534057617
1777068632.0871456,37.8759405,-122.2585435,3.0190000534057617
1777068632.6076844,37.8759378,-122.2585404,3.0209999084472656
1777068633.0952394,37.8759371,-122.2585397,3.0209999084472656
1777068633.389265,37.8759359,-122.2585406,3.0209999084472656
1777068634.091692,37.8759331,-122.2585385,3.0160000324249268
1777068634.290942,37.8759322,-122.2585369,3.0139999389648438
1777068635.1590471,37.8759303,-122.2585351,3.01200008392334
1777068636.0842223,37.8759291,-122.2585334,3.0
1777068636.536412,37.8759268,-122.2585313,3.0
1777068637.0146337,37.8759262,-122.2585306,3.0
1777068637.7298028,37.8759236,-122.2585289,3.0
1777068638.0741665,37.8759232,-122.2585286,3.0
1777068638.9568245,37.875921,-122.2585268,3.0179998874664307
1777068639.0581245,37.875917,-122.2585242,3.0299999713897705
1777068639.2129154,37.8759141,-122.258522,3.0269999504089355
1777068639.7793593,37.8759118,-122.2585206,3.0269999504089355
1777068640.096727,37.8759098,-122.2585194,3.0250000953674316
1777068640.7668595,37.8759083,-122.258518,3.0250000953674316
1777068641.1016352,37.8759068,-122.2585171,3.0230000019073486
1777068641.6776543,37.8759051,-122.258516,3.0250000953674316
1777068642.1719065,37.8759038,-122.2585152,3.0250000953674316
1777068642.4385192,37.8759027,-122.2585145,3.0250000953674316
1777068643.0817702,37.8759015,-122.2585134,3.0269999504089355
1777068643.559029,37.8758999,-122.2585125,3.0250000953674316
1777068644.0810215,37.8758985,-122.2585121,3.0
1777068645.0849726,37.875896,-122.2585117,3.0
1777068646.109695,37.875894,-122.2585116,3.0
1777068646.2535415,37.8758928,-122.2585116,3.0
1777068646.7389426,37.8758922,-122.2585116,3.0
1777068646.8772516,37.8758924,-122.2585116,3.0
1777068647.0782707,37.875892,-122.2585118,3.0
1777068648.0631611,37.8758902,-122.2585125,3.0
1777068648.5763667,37.875889,-122.2585127,3.0
1777068649.0917037,37.8758886,-122.2585129,3.0
1777068649.2974215,37.8758875,-122.2585134,3.0
1777068650.0838687,37.8758864,-122.2585142,3.0
1777068651.138026,37.8758853,-122.2585155,3.0179998874664307
1777068652.1333337,37.8758834,-122.2585162,3.0399999618530273
1777068652.2914581,37.8758825,-122.2585157,3.069999933242798
1777068652.8717043,37.8758819,-122.258515,3.1080000400543213
1777068653.0893161,37.8758816,-122.2585148,3.128000020980835
1777068654.0738695,37.8758809,-122.2585138,3.181999921798706
1777068654.5264373,37.8758803,-122.2585127,3.253999948501587
1777068655.0892944,37.8758796,-122.2585128,3.299999952316284
1777068656.071861,37.8758789,-122.2585132,3.319999933242798
1777068657.0876539,37.8758793,-122.2585146,3.318000078201294
1777068657.4937038,37.8758787,-122.2585146,3.3519999980926514
1777068658.1178632,37.8758791,-122.2585152,3.3289999961853027
1777068658.3326955,37.875879,-122.258516,3.321000099182129
1777068658.90961,37.8758792,-122.2585166,3.3269999027252197
1777068659.0614123,37.8758793,-122.2585168,3.319000005722046
1777068660.0638561,37.8758796,-122.2585173,3.306999921798706
1777068661.068129,37.8758807,-122.258517,3.2809998989105225
1777068662.0841618,37.8758819,-122.2585159,3.250999927520752
1777068662.2163875,37.8758817,-122.2585157,3.2260000705718994
1777068663.0722635,37.8758812,-122.2585155,3.203000068664551
1777068664.0835712,37.8758801,-122.2585147,3.1419999599456787
1777068665.2149937,37.8758791,-122.2585146,3.1019999980926514
1777068666.0924447,37.8758789,-122.2585151,3.065000057220459
1777068667.1422062,37.8758798,-122.2585164,3.055999994277954
1777068668.0853431,37.875881,-122.2585177,3.0390000343322754
1777068668.157498,37.8758811,-122.2585178,3.0160000324249268
1777068668.890767,37.8758812,-122.2585175,3.013000011444092
1777068669.089646,37.8758817,-122.258518,3.013000011444092
1777068669.6565235,37.8758815,-122.2585178,3.01200008392334
1777068669.9987864,37.8758814,-122.2585177,3.009999990463257
1777068670.0764453,37.8758812,-122.2585179,3.009000062942505
1777068671.1039057,37.8758818,-122.2585179,3.0
1777068672.253363,37.8758811,-122.2585176,3.0
1777068673.0921693,37.8758803,-122.2585174,3.0
1777068674.1588843,37.8758796,-122.2585177,3.0
1777068675.1142619,37.8758787,-122.2585179,3.0
1777068676.0892527,37.8758775,-122.2585177,3.0
1777068677.0092478,37.875876,-122.2585173,3.000999927520752
1777068677.5742233,37.8758756,-122.2585169,3.0
1777068678.022299,37.8758759,-122.2585169,3.0
1777068679.0808985,37.875876,-122.2585169,3.0
1777068680.0836313,37.8758762,-122.2585164,3.0
1777068681.1806192,37.875876,-122.2585163,3.0
1777068682.0924277,37.8758754,-122.2585165,3.003999948501587
1777068682.6938908,37.875875,-122.2585159,3.005000114440918
1777068683.1146786,37.8758752,-122.2585159,3.005000114440918
1777068684.0818524,37.8758753,-122.258516,3.0399999618530273
1777068685.0830228,37.8758758,-122.2585162,3.0460000038146973
1777068685.4079132,37.8758755,-122.2585161,3.0460000038146973
1777068685.8133194,37.8758749,-122.258516,3.0399999618530273
1777068686.0915473,37.8758748,-122.258516,3.0399999618530273
1777068687.082497,37.8758741,-122.2585164,3.0360000133514404
1777068688.0921633,37.8758734,-122.2585168,3.0350000858306885
1777068689.0579565,37.8758726,-122.2585172,3.0350000858306885
1777068690.129406,37.8758721,-122.2585174,3.0
1777068691.1110163,37.8758717,-122.2585173,3.0
1777068692.0717535,37.8758723,-122.2585173,3.0
1777068693.066602,37.8758731,-122.2585175,3.0
1777068694.063086,37.8758736,-122.2585175,3.0
1777068694.6415923,37.8758731,-122.2585172,3.0
1777068695.0989342,37.8758731,-122.2585171,3.007999897003174
1777068695.1015503,37.8758734,-122.2585172,3.007999897003174
1777068696.0785027,37.875873,-122.2585175,3.007999897003174
1777068697.1949985,37.8758725,-122.2585173,3.007999897003174
1777068698.1584396,37.8758727,-122.2585171,3.007999897003174
1777068699.0720992,37.8758728,-122.258517,3.007999897003174
1777068700.0810478,37.875873,-122.2585163,3.0
1777068700.9376602,37.8758721,-122.2585156,3.0
1777068701.0686715,37.875873,-122.2585157,3.0
1777068702.075023,37.8758738,-122.2585156,3.0
1777068703.0895367,37.8758736,-122.2585158,3.0
1777068704.0740862,37.8758742,-122.2585156,3.0
1777068705.074913,37.8758736,-122.2585157,3.0
1777068706.091842,37.8758726,-122.2585155,3.0
1777068707.0832238,37.8758732,-122.2585161,3.002000093460083
1777068708.081654,37.8758729,-122.2585156,3.009000062942505
1777068708.6550014,37.8758721,-122.2585154,3.006999969482422
1777068709.073733,37.8758721,-122.2585154,3.006999969482422
1777068710.0872092,37.8758721,-122.2585158,3.00600004196167
1777068711.0601428,37.8758728,-122.258516,3.00600004196167
1777068712.0793302,37.8758728,-122.258516,3.005000114440918
1777068713.202842,37.8758733,-122.258516,3.003999948501587
1777068713.9549744,37.8758738,-122.258516,3.0
1777068714.0951688,37.8758741,-122.258516,3.0
1777068714.479172,37.8758744,-122.2585162,3.0
1777068715.0738118,37.8758752,-122.2585161,3.0
1777068715.1840072,37.875875,-122.2585161,3.0
1777068716.0683517,37.8758751,-122.2585162,3.0
1777068716.371567,37.8758749,-122.2585163,3.0
1777068717.067366,37.8758753,-122.2585167,3.000999927520752
1777068717.2643025,37.875875,-122.2585167,3.000999927520752
1777068718.0854595,37.8758758,-122.2585174,3.002000093460083
1777068719.0863206,37.8758757,-122.2585176,3.0239999294281006
1777068720.0830207,37.8758752,-122.2585176,3.0239999294281006
1777068721.0543723,37.8758748,-122.2585178,3.0320000648498535
1777068721.58865,37.8758752,-122.2585182,3.0320000648498535
1777068722.0795238,37.8758756,-122.2585184,3.0280001163482666
1777068722.2134967,37.875875,-122.2585183,3.0260000228881836
1777068723.0731633,37.8758752,-122.2585185,3.0280001163482666
1777068724.0880313,37.8758747,-122.258518,3.0
1777068724.173974,37.8758739,-122.2585176,3.0
1777068725.0849452,37.8758734,-122.2585177,3.009999990463257
1777068726.0835032,37.8758728,-122.2585174,3.0160000324249268
1777068727.0867372,37.8758737,-122.2585171,3.0179998874664307
1777068727.4610717,37.8758736,-122.2585166,3.0350000858306885
1777068727.9262369,37.8758736,-122.2585162,3.052000045776367
1777068728.0709784,37.8758738,-122.2585161,3.056999921798706
1777068729.180945,37.8758745,-122.2585157,3.0829999446868896
1777068730.0797067,37.8758734,-122.2585153,3.1500000953674316
1777068730.9023955,37.875873,-122.2585153,3.190999984741211
1777068731.085463,37.8758732,-122.2585154,3.200000047683716
1777068731.8934953,37.8758732,-122.2585166,3.236999988555908
1777068732.0354474,37.8758728,-122.258517,3.246000051498413
1777068732.4347057,37.8758723,-122.2585185,3.2739999294281006
1777068733.0700953,37.8758707,-122.2585192,3.3340001106262207
1777068733.6613302,37.8758682,-122.2585197,3.3310000896453857
1777068734.0730731,37.8758656,-122.2585223,3.3450000286102295
1777068734.256862,37.8758634,-122.2585232,3.3420000076293945
1777068734.8299866,37.8758594,-122.2585277,3.3580000400543213
1777068735.0812125,37.8758566,-122.2585313,3.3540000915527344
1777068735.4007323,37.875852,-122.2585332,3.3299999237060547
1777068735.9433627,37.8758462,-122.2585362,3.3289999961853027
1777068736.1944084,37.8758441,-122.2585368,3.315999984741211
1777068736.5417728,37.8758373,-122.2585382,3.306999921798706
1777068737.0919125,37.8758314,-122.2585399,3.2850000858306885
1777068737.0980241,37.8758301,-122.2585401,3.2730000019073486
1777068737.7062979,37.8758236,-122.2585423,3.2660000324249268
1777068738.0738468,37.8758197,-122.2585433,3.250999927520752
1777068738.2288957,37.8758171,-122.258543,3.240000009536743
1777068738.8356,37.8758114,-122.2585455,3.242000102996826
1777068739.0829124,37.8758087,-122.2585454,3.240999937057495
1777068739.3395166,37.8758051,-122.2585451,3.2360000610351562
1777068739.690606,37.8758024,-122.2585456,3.246999979019165
1777068740.0673923,37.8757992,-122.2585473,3.23799991607666
1777068740.0741735,37.8757976,-122.258547,3.242000102996826
1777068740.539435,37.8757918,-122.2585479,3.26200008392334
1777068741.0764709,37.8757865,-122.2585507,3.2929999828338623
1777068741.6190078,37.8757788,-122.2585493,3.3380000591278076
1777068742.0698457,37.8757723,-122.2585485,3.378999948501587
1777068742.1785078,37.8757689,-122.2585461,3.4170000553131104
1777068742.733627,37.8757617,-122.258546,3.4649999141693115
1777068743.0839612,37.8757579,-122.2585463,3.49399995803833
1777068743.2743828,37.8757537,-122.2585436,3.558000087738037
1777068744.074719,37.8757448,-122.2585431,3.6040000915527344
1777068744.3282754,37.8757417,-122.2585415,3.5899999141693115
1777068744.9760833,37.8757357,-122.2585435,3.6530001163482666
1777068745.5034814,37.8757299,-122.2585412,3.6579999923706055
1777068746.0432625,37.8757246,-122.2585418,3.6730000972747803
1777068746.613117,37.8757184,-122.2585414,3.6619999408721924
1777068747.0873437,37.8757133,-122.2585404,3.6519999504089355
1777068747.1915762,37.8757117,-122.2585379,3.635999917984009
1777068747.4100938,37.8757108,-122.2585369,3.630000114440918
1777068747.7791846,37.8757045,-122.258536,3.6050000190734863
1777068748.0876145,37.875701,-122.2585345,3.5929999351501465
1777068748.3753188,37.8756976,-122.258532,3.558000087738037
1777068748.936967,37.8756915,-122.2585317,3.562000036239624
1777068749.0750103,37.8756896,-122.2585302,3.559999942779541
1777068749.4485657,37.875685,-122.2585274,3.5789999961853027
1777068750.0277164,37.8756786,-122.2585266,3.6089999675750732
1777068750.5566597,37.8756725,-122.2585245,3.6489999294281006
1777068751.0864677,37.8756669,-122.2585215,3.677000045776367
1777068751.0901601,37.8756656,-122.2585204,3.7119998931884766
1777068751.661737,37.8756587,-122.2585137,3.7639999389648438
1777068752.0680733,37.8756542,-122.2585085,3.815999984741211
1777068752.2151554,37.8756507,-122.2585004,3.8440001010894775
1777068752.783073,37.8756442,-122.2584943,3.881999969482422
1777068753.104682,37.8756411,-122.2584907,3.944999933242798
1777068753.3585885,37.8756372,-122.258485,3.941999912261963
1777068753.8870962,37.8756316,-122.2584809,3.9240000247955322
1777068754.0844228,37.87563,-122.2584794,3.930999994277954
1777068754.3503556,37.8756277,-122.2584771,3.9070000648498535
1777068755.0255327,37.875622,-122.2584741,3.890000104904175
1777068755.607545,37.8756197,-122.2584717,3.7780001163482666
1777068756.0867062,37.8756167,-122.2584702,3.743000030517578
1777068756.1153436,37.8756172,-122.2584702,3.634999990463257
1777068756.7786148,37.8756121,-122.2584686,3.5339999198913574
1777068757.0888703,37.8756099,-122.2584679,3.497999906539917
1777068757.3354037,37.8756084,-122.2584671,3.384999990463257
1777068757.9144974,37.8756032,-122.2584657,3.321000099182129
1777068758.075812,37.875602,-122.2584653,3.305999994277954
1777068758.4560797,37.875598,-122.2584639,3.265000104904175
1777068759.0284636,37.8755926,-122.258463,3.257999897003174
1777068759.644276,37.8755847,-122.2584605,3.2750000953674316
1777068760.1084197,37.8755802,-122.258459,3.2780001163482666
1777068760.217056,37.8755776,-122.2584577,3.303999900817871
1777068761.0592003,37.8755677,-122.258456,3.3570001125335693
1777068761.346955,37.8755629,-122.2584556,3.421999931335449
1777068761.9071178,37.875556,-122.258456,3.509000062942505
1777068762.0752006,37.8755544,-122.2584559,3.5799999237060547
1777068762.550274,37.8755469,-122.2584549,3.6440000534057617
1777068762.9193091,37.8755441,-122.2584544,3.6670000553131104
1777068763.0578122,37.8755412,-122.2584535,3.757999897003174
1777068763.7373369,37.8755329,-122.2584516,3.7820000648498535
1777068764.0580664,37.875529,-122.2584506,3.7839999198913574
1777068764.375156,37.8755253,-122.2584496,3.7799999713897705
1777068764.8514504,37.8755184,-122.2584482,3.7679998874664307
1777068765.0678613,37.8755162,-122.2584478,3.7709999084472656
1777068765.4136043,37.8755127,-122.2584471,3.743000030517578
1777068766.0757227,37.8755063,-122.2584468,3.7200000286102295
1777068766.6079857,37.8755019,-122.2584461,3.681999921798706
1777068767.0732684,37.8754986,-122.2584451,3.5940001010894775
1777068767.1108673,37.8754986,-122.2584444,3.572000026702881
1777068767.7043664,37.8754936,-122.2584431,3.5369999408721924
1777068768.1612587,37.8754908,-122.2584426,3.490000009536743
1777068768.3638315,37.8754891,-122.2584411,3.440999984741211
1777068768.8585355,37.8754837,-122.2584392,3.427000045776367
1777068769.058203,37.8754826,-122.2584387,3.4130001068115234
1777068769.4132817,37.8754789,-122.2584369,3.424999952316284
1777068769.9913876,37.8754728,-122.2584351,3.428999900817871
1777068770.5656502,37.8754675,-122.2584335,3.4210000038146973
1777068770.6121397,37.8754639,-122.2584326,3.4119999408721924
1777068771.0784938,37.8754595,-122.2584314,3.3989999294281006
1777068771.1923206,37.8754568,-122.2584308,3.365999937057495
1777068771.7189033,37.8754507,-122.258429,3.3480000495910645
1777068772.062183,37.8754478,-122.2584277,3.3340001106262207
1777068772.3491857,37.8754447,-122.2584262,3.315000057220459
1777068772.9135895,37.8754395,-122.2584234,3.2890000343322754
1777068773.0425546,37.8754388,-122.2584229,3.2679998874664307
1777068773.5477295,37.8754343,-122.2584213,3.24399995803833
1777068774.078248,37.8754306,-122.2584197,3.2219998836517334
1777068774.1222744,37.8754308,-122.2584203,3.193000078201294
1777068774.6912422,37.875426,-122.2584185,3.1740000247955322
1777068775.0948129,37.8754234,-122.2584175,3.1449999809265137
1777068775.2592604,37.8754221,-122.258418,3.121999979019165
1777068775.8646843,37.8754159,-122.2584175,3.1089999675750732
1777068776.1022162,37.8754136,-122.2584182,3.1089999675750732
1777068776.2646701,37.875412,-122.258418,3.122999906539917
1777068776.9441137,37.8754047,-122.2584188,3.1500000953674316
1777068777.070867,37.8754043,-122.2584194,3.1619999408721924
1777068777.5032227,37.8754008,-122.2584195,3.2070000171661377
1777068778.0141249,37.8753961,-122.2584204,3.2669999599456787
1777068778.249626,37.8753965,-122.2584208,3.2869999408721924
1777068778.6093137,37.8753919,-122.2584224,3.3350000381469727
1777068779.096089,37.8753883,-122.2584245,3.36899995803833
1777068779.650846,37.8753826,-122.2584252,3.4679999351501465
1777068780.0599594,37.8753797,-122.2584258,3.555000066757202
1777068780.2179527,37.8753786,-122.2584248,3.634999990463257
1777068780.7468517,37.8753739,-122.2584253,3.691999912261963
1777068781.0780659,37.8753722,-122.2584277,3.805000066757202
1777068781.3082228,37.8753696,-122.2584296,3.8970000743865967
1777068781.8746288,37.8753647,-122.2584347,3.943000078201294
1777068782.0570176,37.8753644,-122.2584381,4.050000190734863
1777068782.3945377,37.8753624,-122.2584449,4.074999809265137
1777068782.9427962,37.8753606,-122.2584533,4.150000095367432
1777068783.0748875,37.8753611,-122.2584571,4.163000106811523
1777068783.5189865,37.8753604,-122.258463,4.258999824523926
1777068783.986054,37.8753594,-122.2584717,4.315000057220459
1777068784.4193594,37.8753594,-122.2584799,4.39300012588501
1777068784.9259374,37.8753583,-122.2584882,4.414000034332275
1777068785.077055,37.8753589,-122.2584907,4.4079999923706055
1777068785.4622765,37.8753573,-122.2584977,4.431000232696533
1777068786.0181463,37.8753556,-122.258507,4.429999828338623
1777068786.5498183,37.8753549,-122.258517,4.4029998779296875
1777068787.0593293,37.8753541,-122.2585249,4.396999835968018
1777068787.5366676,37.8753542,-122.2585324,4.383999824523926
1777068788.069364,37.8753555,-122.2585401,4.368000030517578
1777068788.5740645,37.8753575,-122.2585478,4.360000133514404
1777068789.003792,37.8753585,-122.2585553,4.354000091552734
1777068789.4825747,37.8753586,-122.2585627,4.361999988555908
1777068790.0004408,37.8753579,-122.2585708,4.36899995803833
1777068790.461312,37.8753582,-122.2585787,4.381999969482422
1777068790.9562674,37.8753578,-122.2585868,4.401000022888184
1777068791.1185122,37.8753587,-122.258588,4.39900016784668
1777068791.581749,37.8753583,-122.2585972,4.421000003814697
1777068791.9851894,37.8753583,-122.2586048,4.451000213623047
1777068792.4979885,37.8753592,-122.2586131,4.460000038146973
1777068792.9831073,37.8753593,-122.2586212,4.492000102996826
1777068793.5372353,37.8753595,-122.2586303,4.513999938964844
1777068794.0167673,37.8753611,-122.2586398,4.514999866485596
1777068794.516688,37.8753618,-122.2586484,4.51200008392334
1777068795.0899823,37.8753619,-122.2586571,4.507999897003174
1777068795.542235,37.8753619,-122.2586646,4.486000061035156
1777068796.074542,37.8753624,-122.258671,4.451000213623047
1777068796.123122,37.8753615,-122.2586724,4.4070000648498535
1777068796.6086442,37.8753604,-122.2586797,4.361999988555908
1777068797.0669494,37.8753594,-122.2586866,4.302999973297119
1777068797.6710424,37.8753588,-122.2586943,4.247000217437744
1777068798.0745203,37.8753594,-122.258699,4.144999980926514
1777068798.293654,37.8753588,-122.2587016,4.110000133514404
1777068798.6752112,37.8753582,-122.2587084,4.054999828338623
1777068799.0644042,37.8753587,-122.2587124,3.989000082015991
1777068799.2167618,37.8753579,-122.2587148,3.940999984741211
1777068800.0783033,37.8753579,-122.2587258,3.8420000076293945
1777068800.378967,37.8753561,-122.2587322,3.7939999103546143
1777068800.8616197,37.8753547,-122.2587401,3.755000114440918
1777068801.0725574,37.8753548,-122.2587416,3.752000093460083
1777068801.3281848,37.8753537,-122.2587447,3.693000078201294
1777068801.3562088,37.8753525,-122.2587493,3.6619999408721924
1777068801.8734102,37.8753505,-122.2587586,3.63100004196167
1777068802.084518,37.8753499,-122.2587618,3.622999906539917
1777068802.3911238,37.8753492,-122.2587667,3.571000099182129
1777068802.929736,37.8753478,-122.2587748,3.5460000038146973
1777068803.068679,37.875348,-122.2587756,3.5269999504089355
1777068803.4327207,37.8753474,-122.2587816,3.48799991607666
1777068803.9721744,37.8753464,-122.2587891,3.4649999141693115
1777068804.07251,37.8753467,-122.2587895,3.450000047683716
1777068804.4465027,37.8753461,-122.2587953,3.4140000343322754
1777068804.9166083,37.8753451,-122.2588029,3.4019999504089355
1777068805.0613031,37.8753452,-122.2588037,3.380000114440918
1777068805.4684644,37.8753444,-122.2588099,3.3429999351501465
1777068805.970683,37.8753437,-122.2588169,3.308000087738037
1777068806.0672696,37.875344,-122.2588171,3.2929999828338623
1777068806.4834442,37.8753437,-122.2588228,3.249000072479248
1777068806.9877892,37.8753436,-122.2588303,3.236999988555908
1777068807.4837515,37.8753438,-122.2588344,3.194000005722046
1777068807.9949517,37.8753431,-122.258841,3.187999963760376
1777068808.5294178,37.8753418,-122.2588457,3.1760001182556152
1777068809.0368974,37.8753406,-122.2588498,3.180999994277954
1777068809.0394337,37.8753399,-122.2588518,3.177000045776367
1777068809.5877085,37.8753395,-122.2588569,3.180999994277954
1777068810.0715942,37.8753401,-122.2588603,3.1640000343322754
1777068810.617283,37.8753383,-122.2588664,3.178999900817871
1777068811.0936203,37.8753383,-122.25887,3.188999891281128
1777068811.1251678,37.8753373,-122.2588697,3.1760001182556152
1777068811.7436743,37.875336,-122.2588759,3.1679999828338623
1777068812.065257,37.8753356,-122.2588796,3.1649999618530273
1777068812.1674793,37.8753348,-122.2588803,3.1540000438690186
1777068812.6597893,37.8753335,-122.2588864,3.1480000019073486
1777068813.0702672,37.8753328,-122.2588915,3.140000104904175
1777068813.1643727,37.8753324,-122.2588909,3.130000114440918
1777068813.6546683,37.875332,-122.2588963,3.115999937057495
1777068814.11857,37.8753321,-122.2588997,3.1029999256134033
1777068814.6354647,37.8753306,-122.2589048,3.065999984741211
1777068815.0673795,37.8753298,-122.258908,3.062999963760376
1777068815.1579845,37.8753291,-122.2589076,3.0450000762939453
1777068815.6328015,37.8753276,-122.2589122,3.0439999103546143
1777068816.0626748,37.8753266,-122.2589163,3.0290000438690186
1777068816.1346645,37.875326,-122.2589162,3.0269999504089355
1777068816.6022625,37.8753245,-122.2589221,3.0360000133514404
1777068817.0798187,37.8753241,-122.2589263,3.0429999828338623
1777068817.1305351,37.8753236,-122.258927,3.0480000972747803
1777068817.6236684,37.8753231,-122.2589335,3.063999891281128
1777068818.136108,37.8753244,-122.2589386,3.0810000896453857
1777068818.1428735,37.8753246,-122.2589401,3.0920000076293945
1777068818.7166119,37.8753267,-122.2589476,3.125
1777068819.0651891,37.8753292,-122.2589518,3.1489999294281006
1777068819.1932921,37.8753295,-122.2589537,3.1630001068115234
1777068819.8086436,37.8753311,-122.2589621,3.197999954223633
1777068820.0872247,37.875332,-122.2589637,3.2109999656677246
1777068820.280296,37.8753318,-122.2589668,3.256999969482422
1777068820.845901,37.8753334,-122.2589739,3.302999973297119
1777068821.0711312,37.8753351,-122.2589748,3.3389999866485596
1777068821.3613791,37.8753361,-122.2589779,3.378000020980835
1777068822.0250688,37.8753396,-122.2589839,3.4240000247955322
1777068822.5122228,37.8753436,-122.2589862,3.506999969482422
1777068823.0625806,37.8753481,-122.2589908,3.5799999237060547
1777068823.605425,37.8753524,-122.2589915,3.6419999599456787
1777068824.0655582,37.8753561,-122.2589926,3.7290000915527344
1777068824.2698975,37.8753591,-122.2589911,3.7839999198913574
1777068824.9663253,37.8753686,-122.2589893,3.819999933242798
1777068826.0732923,37.8753782,-122.2589849,3.933000087738037
1777068826.7999597,37.8753787,-122.2589835,3.9549999237060547
1777068827.111186,37.8753811,-122.2589828,4.004000186920166
1777068827.3867693,37.8753818,-122.2589814,3.990000009536743
1777068828.0721476,37.8753875,-122.2589807,3.990000009536743
1777068828.162785,37.8753867,-122.2589796,3.9709999561309814
1777068828.7067804,37.8753896,-122.25898,3.9639999866485596
1777068829.076476,37.8753938,-122.2589798,3.930000066757202
1777068829.358401,37.8753947,-122.2589798,3.927000045776367
1777068829.9880433,37.8753981,-122.2589801,3.940999984741211
1777068830.143202,37.8754018,-122.2589801,3.944000005722046
1777068830.4590654,37.875404,-122.2589809,3.950000047683716
1777068830.951478,37.8754084,-122.2589819,3.9600000381469727
1777068831.5444868,37.8754142,-122.2589825,3.9639999866485596
1777068832.226402,37.875417,-122.2589828,3.9719998836517334
1777068832.233155,37.8754204,-122.2589826,3.9619998931884766
1777068832.2395372,37.8754214,-122.2589831,3.9489998817443848
1777068832.6180916,37.8754247,-122.2589834,3.9560000896453857
1777068833.0764081,37.8754296,-122.2589824,3.9519999027252197
1777068833.653243,37.8754345,-122.2589803,3.9779999256134033
1777068834.1370523,37.8754392,-122.2589778,3.9839999675750732
1777068835.0599298,37.8754431,-122.2589684,4.000999927520752
1777068835.536273,37.8754434,-122.2589576,4.02400016784668
1777068836.0883265,37.8754443,-122.2589479,4.02400016784668
1777068836.2864249,37.8754415,-122.2589427,4.0269999504089355
1777068836.858639,37.875437,-122.2589368,4.046999931335449
1777068837.2065222,37.8754356,-122.2589353,4.072000026702881
1777068838.0715184,37.8754316,-122.2589332,4.116000175476074
1777068839.0655768,37.8754293,-122.2589335,4.0960001945495605
1777068839.722712,37.8754272,-122.2589347,4.063000202178955
1777068840.0712204,37.8754276,-122.258934,3.999000072479248
1777068841.180876,37.8754288,-122.2589329,3.8499999046325684
1777068842.0661767,37.8754295,-122.2589312,3.5439999103546143
1777068843.0938227,37.8754296,-122.2589299,3.50600004196167
1777068844.0806558,37.8754299,-122.258929,3.4159998893737793
1777068845.098574,37.8754305,-122.2589282,3.2860000133514404
1777068846.0687463,37.8754308,-122.2589282,3.259999990463257
1777068847.0612206,37.8754316,-122.2589281,3.24399995803833
1777068847.1911988,37.8754311,-122.2589274,3.2109999656677246
1777068847.3893158,37.8754309,-122.2589272,3.188999891281128
1777068847.6890688,37.8754305,-122.2589266,3.1689999103546143
1777068848.2311416,37.8754303,-122.2589264,3.171999931335449
1777068848.3033884,37.8754305,-122.2589256,3.1410000324249268
1777068848.9263518,37.8754306,-122.258925,3.138000011444092
1777068849.0552154,37.8754313,-122.2589253,3.118000030517578
1777068849.7079031,37.8754316,-122.2589243,3.117000102996826
1777068850.1366313,37.8754316,-122.2589239,3.125
1777068850.861617,37.875432,-122.2589234,3.11899995803833
1777068851.070102,37.8754333,-122.2589236,3.111999988555908
1777068851.340513,37.8754332,-122.2589233,3.1089999675750732
1777068852.1145852,37.8754332,-122.2589228,3.115000009536743
1777068852.4779587,37.8754337,-122.2589209,3.124000072479248
1777068853.0328782,37.8754334,-122.2589201,3.134999990463257
1777068854.1266248,37.8754367,-122.2589176,3.171999931335449
1777068854.1896703,37.8754367,-122.2589171,3.180999994277954
1777068855.0830553,37.8754381,-122.2589158,3.194000005722046
1777068855.1951742,37.8754372,-122.2589158,3.1760001182556152
1777068855.7053754,37.8754365,-122.2589154,3.1670000553131104
1777068856.1064708,37.8754375,-122.2589145,3.1519999504089355
1777068856.5535102,37.8754368,-122.2589136,3.1449999809265137
1777068857.1661322,37.8754375,-122.2589124,3.124000072479248
1777068857.1725554,37.8754371,-122.2589123,3.111999988555908
1777068858.08433,37.8754375,-122.2589115,3.0999999046325684
1777068859.1067567,37.8754381,-122.2589101,3.078000068664551
1777068860.0716536,37.8754389,-122.2589092,3.0320000648498535
1777068861.062644,37.8754392,-122.2589089,3.0
1777068862.066579,37.8754404,-122.258909,3.0
1777068862.754721,37.8754397,-122.2589096,3.0
1777068863.0720797,37.8754401,-122.2589095,3.0
1777068864.1330698,37.8754407,-122.2589095,3.0
1777068865.0612772,37.8754417,-122.2589086,3.0
1777068866.083984,37.8754422,-122.2589072,3.0
1777068867.065025,37.8754426,-122.258906,3.0
1777068868.0851057,37.8754427,-122.258905,3.0
1777068869.0748994,37.8754431,-122.2589055,3.0
1777068870.0855467,37.8754435,-122.2589055,3.0
1777068870.4631636,37.8754423,-122.258906,3.0
1777068871.0845368,37.8754432,-122.2589057,3.0
1777068872.0850074,37.8754421,-122.2589059,3.0
1777068873.1597724,37.8754435,-122.2589059,3.0
1777068874.0769343,37.875441,-122.2589066,3.0
1777068875.090868,37.8754551,-122.2589029,3.0139999389648438
1777068876.1037097,37.8754689,-122.2588956,3.0169999599456787
1777068877.0769365,37.8754733,-122.2588921,3.0139999389648438
1777068878.0651927,37.8754749,-122.2588903,3.0169999599456787
1777068878.2900152,37.8754749,-122.2588897,3.01200008392334
1777068879.0813074,37.8754748,-122.2588895,3.010999917984009
1777068880.2078013,37.8754738,-122.2588889,3.010999917984009
1777068881.0789132,37.8754729,-122.2588887,3.0
1777068882.086306,37.8754724,-122.2588888,3.0
1777068883.1140785,37.8754714,-122.2588887,3.0
1777068884.0841787,37.8754711,-122.2588885,3.0
1777068885.0894127,37.8754703,-122.2588884,3.0
1777068885.8482647,37.8754693,-122.2588886,3.0
1777068886.0871108,37.8754683,-122.2588894,3.0
1777068887.100199,37.8754661,-122.2588899,3.0
1777068888.0865958,37.8754649,-122.2588902,3.0399999618530273
1777068889.173913,37.8754638,-122.2588909,3.11899995803833
1777068890.078279,37.8754629,-122.2588921,3.2990000247955322
1777068891.0886004,37.8754615,-122.2588943,3.5209999084472656
1777068892.088835,37.8754597,-122.2588978,3.9779999256134033
1777068893.09044,37.8754574,-122.2589017,4.3470001220703125
1777068893.583574,37.875454,-122.2589049,4.547999858856201
1777068894.0779169,37.8754487,-122.2589083,4.86899995803833
1777068895.1102223,37.8754432,-122.2589118,5.025000095367432
1777068896.2160218,37.8754358,-122.2589153,5.5879998207092285
1777068897.078868,37.8754328,-122.2589177,5.914000034332275
1777068898.1353593,37.8754278,-122.2589192,6.093999862670898
1777068899.1762068,37.8754215,-122.25892,6.623000144958496
1777068900.0932891,37.8754123,-122.2589204,7.011000156402588
1777068901.0857673,37.8754011,-122.2589216,7.513000011444092
1777068901.5555744,37.8753882,-122.258921,7.525000095367432
1777068902.0843658,37.8753904,-122.2589213,7.493000030517578
1777068903.0809128,37.8753817,-122.2589202,7.605000019073486
1777068904.088945,37.8753665,-122.2589183,7.558000087738037
1777068905.16564,37.8753536,-122.2589165,7.336999893188477
1777068906.0875056,37.8753426,-122.2589158,7.110000133514404
1777068907.0781682,37.8753324,-122.2589166,6.607999801635742
1777068907.4551623,37.875327,-122.2589169,6.21999979019165
1777068908.091915,37.8753259,-122.2589166,5.796000003814697
1777068909.004497,37.8753213,-122.258917,5.711999893188477
1777068909.0622342,37.8753285,-122.2589168,5.427999973297119
1777068910.086175,37.8753301,-122.2589164,5.359000205993652
1777068911.108673,37.8753262,-122.2589167,5.066999912261963
1777068912.1138756,37.8753245,-122.2589163,4.954999923706055
1777068913.087549,37.8753227,-122.2589166,4.932000160217285
1777068914.077458,37.8753205,-122.258917,4.870999813079834
1777068915.0027244,37.8753173,-122.2589183,4.89300012588501
1777068916.0736487,37.8753168,-122.2589182,4.9029998779296875
1777068916.607644,37.8753147,-122.2589192,4.923999786376953
1777068917.0815709,37.87532,-122.2589158,4.78000020980835
1777068918.092208,37.8753212,-122.2589131,4.6570000648498535
1777068919.0882666,37.8753204,-122.2589122,4.553999900817871
1777068920.0824018,37.8753179,-122.2589136,4.414999961853027
1777068921.1687243,37.8753174,-122.258915,4.3460001945495605
1777068922.083412,37.8753163,-122.258916,4.068999767303467
1777068923.0850987,37.8753148,-122.2589171,4.367000102996826
1777068924.0877964,37.8753129,-122.258918,4.572000026702881
1777068924.3657522,37.8753121,-122.2589184,4.611999988555908
1777068924.7588198,37.875318,-122.2589163,4.46999979019165
1777068925.0988076,37.8753204,-122.2589153,4.348999977111816
1777068926.0855742,37.8753236,-122.2589135,4.1570000648498535
1777068926.9348114,37.8753235,-122.2589127,4.014999866485596
1777068927.0780284,37.8753262,-122.2589119,3.8239998817443848
1777068928.2040393,37.8753301,-122.2589115,3.7320001125335693
1777068928.4183826,37.8753305,-122.2589113,3.5409998893737793
1777068928.985726,37.8753306,-122.2589109,3.486999988555908
1777068930.101961,37.8753373,-122.2589126,3.002000093460083
1777068930.1074567,37.8753383,-122.2589129,3.002000093460083
1777068931.0882654,37.8753378,-122.2589127,3.002000093460083
1777068932.0493166,37.8753395,-122.2589137,3.002000093460083
1777068933.0754375,37.8753488,-122.2589151,3.0
1777068934.1009707,37.8753528,-122.2589146,3.0
1777068935.0614836,37.8753565,-122.2589137,3.005000114440918
1777068936.0814776,37.8753607,-122.2589132,3.0320000648498535
1777068937.0940893,37.8753651,-122.2589141,3.071000099182129
1777068938.0905564,37.8753716,-122.2589148,3.128999948501587
1777068939.0844877,37.8753757,-122.258915,3.196000099182129
1777068939.7682898,37.8753743,-122.2589152,3.194000005722046
1777068940.0781813,37.8753801,-122.2589156,3.1700000762939453
1777068941.0863888,37.8753865,-122.2589165,3.1659998893737793
1777068942.0924387,37.8753928,-122.2589166,3.1429998874664307
1777068943.0990095,37.8753985,-122.2589172,3.069000005722046
1777068944.2034028,37.8754002,-122.2589178,3.0409998893737793
1777068945.0882003,37.8754073,-122.258919,3.010999917984009
1777068946.0790954,37.8754119,-122.2589202,3.006999969482422
1777068947.077936,37.8754139,-122.2589211,3.00600004196167
1777068947.0854177,37.8754143,-122.2589213,3.00600004196167
1777068947.4906027,37.8754139,-122.258921,3.005000114440918
1777068948.0785005,37.875416,-122.2589213,3.005000114440918
1777068949.0978496,37.8754175,-122.2589212,3.005000114440918
1777068950.0916257,37.8754175,-122.2589205,3.0
1777068951.0818365,37.8754161,-122.2589196,3.0
1777068952.096002,37.8754151,-122.2589188,3.0
1777068953.0764134,37.8754136,-122.2589177,3.0
1777068954.0922284,37.8754125,-122.258917,3.0
1777068955.1046686,37.8754105,-122.2589167,3.0
1777068955.150275,37.8754102,-122.2589166,3.0
1777068955.6277084,37.8754103,-122.2589169,3.0
1777068956.0681722,37.8754109,-122.2589169,3.0
1777068956.3721395,37.8754106,-122.2589168,3.0
1777068957.0776834,37.8754101,-122.2589166,3.0
1777068957.6407022,37.87541,-122.2589165,3.0
1777068958.0661836,37.8754098,-122.2589165,3.0
1777068959.0847301,37.8754124,-122.2589162,3.0
1777068960.1112826,37.8754146,-122.2589164,3.0
1777068961.0846293,37.8754163,-122.2589168,3.0
1777068961.1055481,37.8754163,-122.2589168,3.0
1777068962.082867,37.8754177,-122.2589165,3.0
1777068962.947725,37.8754171,-122.258917,3.0
1777068963.082807,37.8754186,-122.2589172,3.0
1777068964.0772812,37.8754208,-122.2589172,3.0
1777068965.0800698,37.8754221,-122.2589175,3.0
1777068965.3195002,37.8754214,-122.2589177,3.0
1777068966.0925457,37.8754208,-122.2589176,3.000999927520752
1777068967.07442,37.875424,-122.2589174,3.000999927520752
1777068968.0947967,37.8754237,-122.2589177,3.000999927520752
1777068969.0840454,37.8754259,-122.2589178,3.002000093460083
1777068969.2387464,37.8754256,-122.2589179,3.000999927520752
1777068970.0336077,37.8754255,-122.2589185,3.000999927520752
1777068970.5834203,37.8754279,-122.2589186,3.000999927520752
1777068970.8229835,37.8754283,-122.2589184,3.000999927520752
1777068971.0887918,37.87543,-122.2589182,3.000999927520752
1777068971.3300884,37.8754305,-122.2589182,3.0
1777068971.9324226,37.8754307,-122.258918,3.0
1777068972.0841467,37.8754319,-122.2589178,3.0
1777068973.0966046,37.8754342,-122.2589178,3.0
1777068974.0880723,37.875436,-122.2589178,3.0
1777068975.0545044,37.875436,-122.2589176,3.006999969482422
1777068975.5880277,37.875437,-122.2589175,3.006999969482422
1777068976.0843542,37.8754385,-122.2589173,3.007999897003174
1777068976.6421993,37.8754374,-122.2589172,3.007999897003174
1777068977.0815537,37.8754384,-122.2589172,3.009000062942505
1777068978.1083748,37.8754386,-122.2589171,3.010999917984009
1777068978.2633975,37.8754379,-122.2589172,3.009999990463257
1777068979.0937924,37.8754367,-122.2589166,3.0220000743865967
1777068980.1041954,37.8754394,-122.2589168,3.0160000324249268
1777068981.0782537,37.8754379,-122.2589167,3.0239999294281006
1777068982.0975018,37.8754387,-122.2589166,3.0280001163482666
1777068983.1064994,37.8754393,-122.2589166,3.0280001163482666
1777068984.0852504,37.87544,-122.2589171,3.052999973297119
1777068985.0908365,37.8754405,-122.2589177,3.0810000896453857
1777068985.973979,37.8754386,-122.2589172,3.072999954223633
1777068986.05786,37.8754386,-122.2589172,3.065000057220459
1777068987.0897055,37.8754374,-122.2589174,3.055999994277954
1777068987.2496839,37.8754358,-122.2589175,3.0490000247955322
1777068988.0885403,37.8754347,-122.2589178,3.058000087738037
1777068989.0879686,37.8754318,-122.2589176,3.062999963760376
1777068990.092961,37.8754292,-122.2589177,3.072999954223633
1777068991.0912573,37.8754277,-122.2589174,3.0799999237060547
1777068992.0812788,37.8754267,-122.2589173,3.1459999084472656
1777068993.0902343,37.8754255,-122.2589168,3.256999969482422
1777068993.6539235,37.8754237,-122.2589169,3.3440001010894775
1777068994.1204612,37.8754228,-122.2589174,3.4019999504089355
1777068995.0872383,37.8754204,-122.2589172,3.4600000381469727
1777068995.8036902,37.8754173,-122.2589169,3.497999906539917
1777068996.0699198,37.8754169,-122.2589169,3.5739998817443848
1777068997.0846846,37.8754154,-122.2589173,3.6440000534057617
1777068998.0858338,37.8754144,-122.2589179,3.683000087738037
1777068999.1034648,37.8754122,-122.2589179,3.7149999141693115
1777069000.0976794,37.8754087,-122.2589168,3.815999984741211
1777069001.0948367,37.8754054,-122.2589161,3.9549999237060547
1777069001.314226,37.8754028,-122.2589153,4.086999893188477
1777069001.670013,37.8754039,-122.2589158,4.0960001945495605
1777069002.0920184,37.8754047,-122.258916,4.131999969482422
1777069003.085077,37.8754016,-122.2589153,4.201000213623047
1777069004.0988908,37.8753962,-122.258914,4.223999977111816
1777069005.096138,37.8753911,-122.258913,4.316999912261963
1777069006.0784876,37.8753857,-122.2589117,4.322999954223633
1777069007.087958,37.8753803,-122.2589104,4.311999797821045
1777069008.0896895,37.875377,-122.2589097,4.354000091552734
1777069009.0760365,37.8753732,-122.2589087,4.311999797821045
1777069010.290665,37.8753741,-122.2589092,4.234000205993652
1777069010.9845169,37.8753692,-122.2589084,4.230000019073486
1777069011.717721,37.8753606,-122.2589068,4.163000106811523
1777069012.0929146,37.8753575,-122.2589065,4.118000030517578
1777069012.2888386,37.8753519,-122.2589058,4.040999889373779
1777069013.0307117,37.8753445,-122.2589068,3.9800000190734863
1777069013.596459,37.8753397,-122.2589093,4.002999782562256
1777069014.0861099,37.8753361,-122.2589112,4.070000171661377
1777069014.6032712,37.8753267,-122.2589126,4.076000213623047
1777069015.1031651,37.8753212,-122.2589145,4.111999988555908
1777069015.2001166,37.8753176,-122.2589151,4.122000217437744
1777069015.7988849,37.8753104,-122.2589165,4.159999847412109
1777069016.0821652,37.8753074,-122.2589168,4.206999778747559
1777069016.4370806,37.8753029,-122.2589178,4.25
1777069016.8132608,37.8753006,-122.2589182,4.300000190734863
1777069016.996248,37.8753014,-122.2589212,4.389999866485596
1777069017.8002992,37.8752988,-122.2589268,4.603000164031982
1777069018.0905104,37.8752962,-122.2589284,4.663000106811523
1777069018.406365,37.8752956,-122.2589302,4.769999980926514
1777069019.0805278,37.8752908,-122.2589318,4.879000186920166
1777069019.7377028,37.8752869,-122.2589352,5.056000232696533
1777069020.086802,37.875289,-122.2589383,5.091000080108643
1777069020.306402,37.8752896,-122.2589407,5.193999767303467
1777069020.7363415,37.8752858,-122.2589439,5.21999979019165
1777069021.0781326,37.8752854,-122.2589503,5.36899995803833
1777069021.2547252,37.8752842,-122.2589542,5.4039998054504395
1777069021.7726038,37.8752802,-122.2589592,5.546999931335449
1777069022.0857306,37.8752816,-122.2589655,5.698999881744385
1777069022.2694523,37.8752818,-122.2589682,5.809999942779541
1777069022.8445456,37.8752786,-122.2589738,5.953000068664551
1777069023.0798135,37.8752817,-122.2589802,6.072000026702881
1777069023.2705772,37.8752824,-122.2589857,6.184000015258789
1777069023.794888,37.8752814,-122.2589949,6.333000183105469
1777069024.0687613,37.8752892,-122.2590096,6.486999988555908
1777069024.3290298,37.8752917,-122.2590241,6.5279998779296875
1777069024.516315,37.8752928,-122.2590289,6.519999980926514
1777069024.831345,37.8752924,-122.2590335,6.565999984741211
1777069025.069244,37.8752978,-122.2590385,6.624000072479248
1777069025.4714553,37.8752971,-122.2590455,6.577000141143799
1777069025.9536817,37.8752966,-122.2590537,6.521999835968018
1777069026.119519,37.8752999,-122.2590546,6.46999979019165
1777069026.4500856,37.8752997,-122.2590598,6.3470001220703125
1777069026.9028738,37.8753001,-122.2590673,6.205999851226807
1777069027.0842454,37.8753004,-122.2590697,6.014999866485596
1777069027.3955238,37.8753029,-122.2590751,5.817999839782715
1777069028.037532,37.875306,-122.2590829,5.603000164031982
1777069028.0954986,37.8753089,-122.2590841,5.502999782562256
1777069028.3592134,37.8753109,-122.2590872,5.130000114440918
1777069028.8598547,37.8753138,-122.2590935,4.885000228881836
1777069029.0871983,37.8753148,-122.259096,4.809999942779541
1777069029.3546636,37.8753162,-122.2590982,4.419000148773193
1777069029.9219246,37.8753179,-122.2591046,4.093999862670898
1777069030.0824504,37.8753202,-122.2591068,4.061999797821045
1777069030.332458,37.8753194,-122.2591089,3.874000072479248
1777069030.8487473,37.8753195,-122.2591151,3.828000068664551
1777069031.1041741,37.8753196,-122.2591178,3.7769999504089355
1777069031.3518984,37.8753197,-122.25912,3.6760001182556152
1777069031.832692,37.875321,-122.2591248,3.677000045776367
1777069032.1099267,37.8753246,-122.259126,3.6730000972747803
1777069032.197556,37.8753235,-122.259126,3.6600000858306885
1777069032.278411,37.8753227,-122.2591261,3.6740000247955322
1777069032.7844968,37.8753235,-122.2591312,3.7170000076293945
1777069033.1523533,37.8753275,-122.2591326,3.7309999465942383
1777069033.2570765,37.8753256,-122.2591349,3.765000104904175
1777069033.7938519,37.8753253,-122.2591414,3.8350000381469727
1777069034.1061633,37.8753302,-122.2591442,3.884999990463257
1777069034.228678,37.875327,-122.2591466,3.9590001106262207
1777069034.6977584,37.8753254,-122.2591537,4.072000026702881
1777069035.0783582,37.875332,-122.2591565,4.201000213623047
1777069035.1579614,37.8753276,-122.2591591,4.263000011444092
1777069035.7170537,37.8753248,-122.2591674,4.392000198364258
1777069036.0489354,37.8753317,-122.2591702,4.5279998779296875
1777069036.1132853,37.8753267,-122.2591727,4.590000152587891
1777069037.0689008,37.8753338,-122.2591827,4.803999900817871
1777069037.5945966,37.8753261,-122.2591935,5.051000118255615
1777069038.0824745,37.8753197,-122.2592025,5.26200008392334
1777069038.5375795,37.8753187,-122.2592081,5.409999847412109
1777069039.0114772,37.8753148,-122.2592153,5.504000186920166
1777069039.4840217,37.875316,-122.259219,5.636000156402588
1777069039.971819,37.8753138,-122.2592244,5.658999919891357
1777069040.0464947,37.8753183,-122.2592253,5.697999954223633
1777069040.4679554,37.8753155,-122.2592298,5.697999954223633
1777069040.9539351,37.8753141,-122.2592364,5.684000015258789
1777069041.1081378,37.87532,-122.2592366,5.695000171661377
1777069041.4749875,37.8753151,-122.2592411,5.684999942779541
1777069041.8802361,37.8753122,-122.2592491,5.673999786376953
1777069042.1307805,37.8753108,-122.2592519,5.668000221252441
1777069042.4016075,37.8753076,-122.2592555,5.639999866485596
1777069042.8472772,37.8753051,-122.2592617,5.614999771118164
1777069043.0848129,37.8753098,-122.2592626,5.644999980926514
1777069043.392134,37.8753051,-122.2592655,5.556000232696533
1777069043.8546963,37.8753009,-122.259274,5.52400016784668
1777069044.0845106,37.8753048,-122.2592751,5.534999847412109
1777069044.3372512,37.8752984,-122.2592792,5.454999923706055
1777069044.7769296,37.8752942,-122.2592862,5.4029998779296875
1777069045.1147802,37.8752975,-122.259288,5.414000034332275
1777069045.3711736,37.8752929,-122.2592918,5.317999839782715
1777069045.789882,37.8752891,-122.2592996,5.263999938964844
1777069046.0840726,37.8752916,-122.2593021,5.291999816894531
1777069046.2184272,37.875288,-122.2593034,5.158999919891357
1777069046.6944575,37.875284,-122.2593098,5.084000110626221
1777069047.094724,37.8752854,-122.259313,5.002999782562256
1777069047.2320683,37.8752828,-122.2593143,4.895999908447266
1777069047.658217,37.8752807,-122.2593186,4.790999889373779
1777069047.6923156,37.8752793,-122.2593225,4.710999965667725
1777069048.0772827,37.8752799,-122.2593268,4.506999969482422
1777069048.1558123,37.8752795,-122.2593271,4.425000190734863
1777069048.6725178,37.875278,-122.2593338,4.317999839782715
1777069049.1487904,37.8752785,-122.2593377,4.091000080108643
1777069049.1526473,37.8752785,-122.259338,4.026000022888184
1777069049.7600386,37.8752771,-122.2593448,3.944999933242798
1777069050.0669527,37.8752775,-122.2593492,3.750999927520752
1777069050.1640394,37.8752772,-122.2593499,3.7100000381469727
1777069050.647872,37.8752757,-122.2593567,3.6600000858306885
1777069051.0883474,37.8752745,-122.259363,3.6059999465942383
1777069051.1356478,37.8752752,-122.2593621,3.436000108718872
1777069051.7086484,37.8752745,-122.2593675,3.3949999809265137
1777069052.0770376,37.8752733,-122.2593743,3.25600004196167
1777069052.6907861,37.8752731,-122.2593784,3.2209999561309814
1777069053.0478802,37.8752726,-122.2593849,3.171999931335449
1777069053.509482,37.8752733,-122.2593909,3.174999952316284
1777069054.0012562,37.8752729,-122.2593984,3.184999942779541
1777069054.4763744,37.8752736,-122.2594047,3.2149999141693115
1777069055.0030785,37.8752724,-122.2594126,3.242000102996826
1777069055.5559492,37.8752727,-122.2594164,3.2809998989105225
1777069055.9799316,37.8752692,-122.2594289,3.299999952316284
1777069056.4424734,37.8752688,-122.2594355,3.3299999237060547
1777069056.9094174,37.8752667,-122.2594432,3.375
1777069057.0849693,37.8752679,-122.2594446,3.3919999599456787
1777069057.4534295,37.8752669,-122.2594487,3.4189999103546143
1777069057.9104583,37.8752646,-122.2594571,3.4639999866485596
1777069058.1171765,37.8752658,-122.2594585,3.4800000190734863
1777069058.3478632,37.875264,-122.2594619,3.510999917984009
1777069058.8438466,37.8752615,-122.2594682,3.549999952316284
1777069059.083683,37.8752627,-122.2594702,3.566999912261963
1777069059.3986707,37.8752614,-122.2594728,3.5820000171661377
1777069059.7773492,37.8752598,-122.2594783,3.61899995803833
1777069060.0833926,37.8752614,-122.2594811,3.6410000324249268
1777069060.28964,37.8752599,-122.2594831,3.6659998893737793
1777069060.7841349,37.8752579,-122.2594898,3.703000068664551
1777069061.1069841,37.8752597,-122.2594927,3.7309999465942383
1777069061.2697055,37.8752579,-122.2594952,3.744999885559082
1777069061.7700162,37.875256,-122.259502,3.76200008392334
1777069062.099349,37.8752552,-122.2595059,3.7720000743865967
1777069062.2915118,37.875254,-122.2595086,3.760999917984009
1777069062.8150492,37.8752525,-122.2595157,3.759999990463257
1777069063.0818517,37.8752542,-122.2595178,3.753000020980835
1777069063.3110125,37.875251,-122.259522,3.6700000762939453
1777069063.8792255,37.8752484,-122.2595297,3.6489999294281006
1777069064.093332,37.8752473,-122.2595328,3.615000009536743
1777069064.3587635,37.875247,-122.2595354,3.572000026702881
1777069064.8379862,37.8752455,-122.259541,3.5239999294281006
1777069065.1548758,37.8752465,-122.2595423,3.5
1777069065.2982264,37.8752457,-122.2595446,3.428999900817871
1777069065.6547902,37.8752444,-122.2595488,3.4070000648498535
1777069066.0882215,37.8752443,-122.2595532,3.322000026702881
1777069066.269849,37.8752432,-122.2595552,3.2809998989105225
1777069066.7313983,37.8752409,-122.2595605,3.2669999599456787
1777069067.0896542,37.875241,-122.2595636,3.2209999561309814
1777069067.2431908,37.8752404,-122.2595656,3.1670000553131104
1777069067.7135255,37.8752382,-122.259572,3.1419999599456787
1777069068.080474,37.8752382,-122.2595764,3.0869998931884766
1777069068.2228503,37.8752375,-122.2595798,3.0840001106262207
1777069068.6740937,37.8752353,-122.2595878,3.0950000286102295
1777069069.067523,37.8752356,-122.2595937,3.072000026702881
1777069069.1011546,37.8752361,-122.259595,3.0789999961853027
1777069069.5538552,37.8752342,-122.2596032,3.0959999561309814
1777069070.0484436,37.8752324,-122.2596111,3.114000082015991
1777069070.5171878,37.8752329,-122.2596186,3.130000114440918
1777069070.9515994,37.8752325,-122.2596231,3.1519999504089355
1777069070.958968,37.8752307,-122.2596252,3.1730000972747803
1777069071.4702332,37.8752305,-122.2596314,3.193000078201294
1777069071.9786263,37.8752289,-122.2596398,3.2190001010894775
1777069072.423723,37.8752296,-122.259646,3.240999937057495
1777069072.9300494,37.8752288,-122.2596545,3.263000011444092
1777069073.0844603,37.8752305,-122.2596552,3.259000062942505
1777069073.468736,37.8752294,-122.2596594,3.2880001068115234
1777069073.867693,37.8752295,-122.2596662,3.2990000247955322
1777069074.1164258,37.8752322,-122.2596686,3.309000015258789
1777069074.7740798,37.8752338,-122.259676,3.3529999256134033
1777069075.0827746,37.8752352,-122.2596813,3.375999927520752
1777069075.9512024,37.8752391,-122.2596887,3.436000108718872
1777069076.1005294,37.8752426,-122.2596872,3.493000030517578
1777069076.384417,37.8752441,-122.2596868,3.5169999599456787
1777069077.0976796,37.8752485,-122.2596855,3.565999984741211
1777069077.4377172,37.8752519,-122.2596832,3.6389999389648438
1777069078.0593638,37.8752553,-122.2596811,3.734999895095825
1777069078.6758463,37.8752583,-122.2596775,3.799999952316284
1777069079.069838,37.8752594,-122.2596697,3.864000082015991
1777069080.084485,37.8752601,-122.2596651,3.8929998874664307
1777069080.3335211,37.875256,-122.2596654,3.930000066757202
1777069081.154625,37.8752577,-122.2596645,3.9590001106262207
1777069081.562637,37.8752525,-122.2596651,4.0
1777069082.0978608,37.875255,-122.2596638,4.031000137329102
1777069083.0776849,37.8752566,-122.2596618,4.072999954223633
1777069084.0875869,37.8752558,-122.2596597,4.0879998207092285
1777069085.086153,37.875254,-122.259659,4.139999866485596
1777069086.1007886,37.8752471,-122.2596579,4.165999889373779
1777069086.425883,37.8752441,-122.2596546,4.1020002365112305
1777069087.0763757,37.8752468,-122.2596508,4.011000156402588
1777069088.2183616,37.8752433,-122.2596499,3.9560000896453857
1777069089.1044564,37.8752473,-122.2596487,3.9200000762939453
1777069090.1188412,37.8752474,-122.259648,3.8320000171661377
1777069091.0821698,37.8752476,-122.259647,3.7339999675750732
1777069092.154709,37.8752473,-122.2596461,3.687000036239624
1777069093.0827482,37.8752473,-122.2596452,3.625999927520752
1777069094.0854108,37.8752471,-122.2596445,3.4800000190734863
1777069095.0926611,37.8752445,-122.2596417,3.377000093460083
1777069096.1024184,37.8752444,-122.2596403,3.2950000762939453
1777069097.1201587,37.8752449,-122.2596386,3.2139999866485596
1777069098.0813644,37.8752448,-122.2596377,3.115999937057495
1777069098.453332,37.8752423,-122.2596372,3.124000072479248
1777069099.176969,37.8752436,-122.2596371,3.0840001106262207
1777069100.1006918,37.8752442,-122.2596371,3.0980000495910645
1777069101.1207714,37.875243,-122.2596366,3.0840001106262207
1777069101.2264674,37.8752406,-122.2596371,3.069999933242798
1777069101.9189358,37.8752391,-122.2596375,3.066999912261963
1777069101.9245057,37.8752377,-122.2596362,3.071000099182129
1777069102.0937748,37.8752386,-122.259636,3.059000015258789
1777069103.0895448,37.8752379,-122.2596356,3.069000005722046
1777069104.1945977,37.8752388,-122.2596364,3.059000015258789
1777069105.0871222,37.8752376,-122.2596367,3.0460000038146973
1777069106.1188502,37.8752358,-122.2596361,3.0409998893737793
1777069106.7205963,37.8752358,-122.2596362,3.0409998893737793
1777069107.0651026,37.8752374,-122.2596365,3.0290000438690186
1777069107.493136,37.8752367,-122.2596362,3.0250000953674316
1777069108.076301,37.875238,-122.2596366,3.003000020980835
1777069109.0804949,37.8752388,-122.2596371,3.0
1777069109.6014562,37.8752377,-122.259637,3.0
1777069110.0887902,37.8752372,-122.2596365,3.0
1777069111.0633757,37.8752387,-122.2596369,3.0
1777069111.4569597,37.8752378,-122.2596366,3.0
1777069111.9869761,37.8752377,-122.2596356,3.0
1777069112.5679595,37.8752375,-122.2596356,3.0
1777069113.1902804,37.8752384,-122.259636,3.0
1777069114.096865,37.8752388,-122.2596362,3.0
1777069115.1859672,37.8752387,-122.2596369,3.0
1777069116.098109,37.8752381,-122.2596378,3.0
1777069116.7680283,37.8752362,-122.2596385,3.000999927520752
1777069117.1361215,37.8752367,-122.2596385,3.000999927520752
1777069117.291594,37.8752361,-122.2596387,3.000999927520752
1777069118.0710175,37.8752343,-122.2596378,3.000999927520752
1777069118.6545002,37.8752335,-122.2596377,3.000999927520752
1777069119.0814664,37.8752345,-122.2596377,3.006999969482422
1777069120.131259,37.8752351,-122.2596382,3.007999897003174
1777069121.1049674,37.8752355,-122.2596385,3.0239999294281006
1777069122.1133795,37.8752356,-122.2596397,3.072999954223633
1777069123.1183505,37.8752341,-122.2596409,3.128000020980835
1777069124.09063,37.8752356,-122.2596397,3.193000078201294
1777069125.0828443,37.8752344,-122.2596397,3.23799991607666
1777069125.0856292,37.8752346,-122.2596384,3.2790000438690186
1777069126.0839455,37.8752366,-122.2596362,3.257999897003174
1777069127.2171767,37.8752371,-122.2596361,3.265000104904175
1777069128.0779135,37.8752373,-122.2596358,3.2219998836517334
1777069128.3001347,37.8752362,-122.2596365,3.255000114440918
1777069129.1693132,37.8752377,-122.2596354,3.2980000972747803
1777069129.8027022,37.8752359,-122.2596361,3.3550000190734863
1777069130.089423,37.8752372,-122.259636,3.38100004196167
1777069130.3263514,37.8752362,-122.2596364,3.427000045776367
1777069131.0826907,37.8752375,-122.2596357,3.436000108718872
1777069132.09164,37.875238,-122.2596363,3.5299999713897705
1777069132.8889802,37.8752357,-122.2596377,3.563999891281128
1777069133.0884433,37.875237,-122.259636,3.5429999828338623
1777069134.114017,37.875236,-122.2596364,3.630000114440918
1777069134.3207562,37.8752358,-122.259637,3.6419999599456787
1777069134.9428105,37.8752356,-122.2596379,3.622999906539917
1777069135.089503,37.8752367,-122.2596379,3.5889999866485596
1777069135.4097812,37.8752364,-122.2596381,3.5490000247955322
1777069135.8716347,37.8752359,-122.2596381,3.5450000762939453
1777069136.1928096,37.875237,-122.259638,3.515000104904175
1777069136.528393,37.8752363,-122.2596392,3.496999979019165
1777069137.088775,37.8752378,-122.2596395,3.453000068664551
1777069137.4732418,37.8752368,-122.2596394,3.430999994277954
1777069138.090931,37.8752377,-122.2596392,3.378000020980835
1777069139.1000712,37.8752385,-122.259639,3.3589999675750732
1777069140.068,37.8752383,-122.2596403,3.2260000705718994
1777069140.545937,37.8752371,-122.259641,3.186000108718872
1777069141.077302,37.8752374,-122.2596392,3.121000051498413
1777069142.1395028,37.8752376,-122.2596383,3.0810000896453857
1777069143.2723544,37.8752375,-122.259639,3.0190000534057617
1777069144.086891,37.8752379,-122.2596386,3.0239999294281006
1777069145.153572,37.8752362,-122.25964,3.0929999351501465
1777069146.0609574,37.8752372,-122.2596401,3.186000108718872
1777069147.0695934,37.8752375,-122.259641,3.2660000324249268
1777069148.09555,37.8752382,-122.259641,3.2850000858306885
1777069148.2778056,37.8752373,-122.2596404,3.3340001106262207
1777069149.0899396,37.8752385,-122.2596383,3.315000057220459
1777069149.783991,37.8752373,-122.2596359,3.3440001010894775
1777069150.0833466,37.8752382,-122.2596355,3.3299999237060547
1777069151.101898,37.8752388,-122.259635,3.2839999198913574
1777069152.2181945,37.8752389,-122.2596354,3.252000093460083
1777069153.100956,37.875239,-122.259635,3.1760001182556152
1777069154.0900943,37.8752392,-122.2596339,3.134000062942505
1777069155.0816936,37.8752393,-122.2596335,3.0820000171661377
1777069156.0138612,37.8752378,-122.2596335,3.0820000171661377
1777069156.0673506,37.8752382,-122.2596326,3.069000005722046
1777069157.0800676,37.8752385,-122.2596306,3.065000057220459
1777069158.0984516,37.8752377,-122.2596289,3.065000057220459
1777069159.0872257,37.8752378,-122.2596283,3.065000057220459
1777069160.0928502,37.8752375,-122.2596271,3.055999994277954
1777069161.0893545,37.8752379,-122.2596265,3.007999897003174
1777069162.0827773,37.8752374,-122.2596258,3.0
1777069163.0913196,37.8752374,-122.259626,3.0
1777069163.7476568,37.8752365,-122.2596245,3.0
1777069164.0985532,37.8752367,-122.2596242,3.0
1777069165.087646,37.8752365,-122.2596237,3.0
1777069166.0759783,37.8752365,-122.2596229,3.0
1777069167.0771906,37.8752365,-122.2596222,3.0
1777069168.1969666,37.8752363,-122.2596217,3.0
1777069169.1612813,37.8752359,-122.2596206,3.0
1777069170.088712,37.8752362,-122.2596204,3.0
1777069171.004327,37.8752362,-122.2596197,3.0
1777069171.462721,37.875236,-122.2596196,3.0
1777069171.5106094,37.8752358,-122.2596193,3.0
1777069172.0821106,37.875236,-122.2596189,3.0
1777069173.1006045,37.875236,-122.2596188,3.0
1777069173.9522073,37.8752354,-122.2596187,3.0
1777069174.0804436,37.8752355,-122.2596188,3.0
1777069175.2437253,37.8752355,-122.2596188,3.0
1777069175.2547836,37.8752351,-122.2596189,3.0
1777069176.083074,37.8752353,-122.2596186,3.0
1777069176.163657,37.8752348,-122.2596189,3.0
1777069177.063231,37.8752356,-122.2596204,3.0
1777069178.0912187,37.8752363,-122.2596219,3.0
1777069179.091027,37.8752365,-122.2596229,3.0
1777069180.0990748,37.8752369,-122.2596222,3.0
1777069181.087638,37.875238,-122.2596239,3.0
1777069182.0906355,37.8752376,-122.259624,3.0
1777069183.097018,37.875239,-122.2596246,3.0
1777069184.1840684,37.8752386,-122.2596245,3.0
1777069184.3548882,37.8752386,-122.2596254,3.0
1777069185.0411696,37.8752386,-122.2596253,3.0
1777069186.0972018,37.8752405,-122.2596274,3.0
1777069186.9846406,37.8752402,-122.259627,3.0
1777069187.0159247,37.8752393,-122.2596259,3.0
1777069188.089893,37.8752402,-122.2596268,3.0
1777069189.0822263,37.8752407,-122.2596272,3.0
1777069190.0849342,37.8752409,-122.2596276,3.0
1777069191.0883992,37.8752412,-122.2596287,3.0
1777069192.3123343,37.875241,-122.2596288,3.0
1777069193.075777,37.8752402,-122.2596291,3.0
1777069194.0821624,37.8752413,-122.25963,3.0
1777069194.6978266,37.8752402,-122.2596303,3.0
1777069195.0843189,37.8752409,-122.2596305,3.0
1777069195.2955017,37.87524,-122.2596302,3.0
1777069196.1004357,37.8752407,-122.2596299,3.0
1777069196.999115,37.8752398,-122.2596296,3.0
1777069197.0720193,37.8752404,-122.2596299,3.0
1777069198.0804477,37.8752403,-122.2596308,3.0
1777069199.0817611,37.8752394,-122.2596316,3.003999948501587
1777069200.1421204,37.8752381,-122.2596324,3.0320000648498535
1777069201.0857732,37.8752378,-122.2596332,3.1670000553131104
1777069202.0657282,37.8752346,-122.2596315,3.3450000286102295
1777069202.6627192,37.8752329,-122.2596305,3.3559999465942383
1777069203.0912757,37.8752322,-122.2596284,3.384999990463257
1777069204.092648,37.87523,-122.2596269,3.424999952316284
1777069205.0955074,37.875232,-122.2596274,3.3970000743865967
1777069205.3187747,37.8752314,-122.2596271,3.367000102996826
1777069206.075739,37.8752311,-122.2596271,3.2950000762939453
1777069206.2319083,37.8752314,-122.2596275,3.257999897003174
1777069207.2336674,37.8752328,-122.2596285,3.2290000915527344
1777069208.1204233,37.8752339,-122.2596291,3.115999937057495
1777069209.0936553,37.8752349,-122.2596286,3.0940001010894775
1777069209.9600291,37.8752334,-122.2596276,3.059999942779541
1777069210.1140585,37.8752335,-122.2596278,3.0280001163482666
1777069210.5639832,37.8752316,-122.2596274,3.0260000228881836
1777069211.0820467,37.8752317,-122.2596277,3.0280001163482666
1777069211.3473575,37.8752301,-122.2596275,3.015000104904175
1777069212.0800474,37.8752303,-122.2596276,3.0280001163482666
1777069212.1863875,37.875229,-122.2596274,3.0290000438690186
1777069213.0005386,37.875226,-122.2596263,3.052000045776367
1777069213.6376579,37.8752222,-122.2596233,3.0829999446868896
1777069214.0980904,37.8752215,-122.2596215,3.0999999046325684
1777069214.483539,37.8752173,-122.2596195,3.119999885559082
1777069215.1577346,37.8752113,-122.2596092,3.134000062942505
1777069215.3168535,37.8752087,-122.2596049,3.1470000743865967
1777069216.095284,37.8752049,-122.2595994,3.1689999103546143
1777069216.098404,37.8752047,-122.2595994,3.188999891281128
1777069216.504595,37.8752018,-122.2595968,3.2149999141693115
1777069217.0861728,37.8751981,-122.2595936,3.240999937057495
1777069217.4866853,37.875195,-122.2595896,3.2960000038146973
1777069217.9043353,37.8751933,-122.2595861,3.321000099182129
1777069217.9619646,37.8751927,-122.2595838,3.3420000076293945
1777069218.8502135,37.8751896,-122.2595764,3.4079999923706055
1777069219.0972948,37.8751888,-122.2595749,3.437999963760376
1777069219.4230797,37.8751886,-122.2595716,3.4670000076293945
1777069219.8556564,37.8751873,-122.2595669,3.515000104904175
1777069220.075406,37.8751876,-122.2595645,3.575000047683716
1777069220.663236,37.8751863,-122.2595576,3.635999917984009
1777069221.1019528,37.875186,-122.259552,3.687000036239624
1777069221.2351334,37.8751872,-122.2595493,3.7260000705718994
1777069221.9977489,37.8751857,-122.2595387,3.7820000648498535
1777069222.5115347,37.875188,-122.2595339,3.796999931335449
1777069223.1397376,37.8751864,-122.2595249,3.880000114440918
1777069223.9431343,37.8751844,-122.259515,3.8929998874664307
1777069224.084148,37.8751855,-122.2595152,3.871000051498413
1777069224.382981,37.8751853,-122.2595125,3.8469998836517334
1777069225.0806038,37.8751836,-122.2595059,3.8299999237060547
1777069225.5871887,37.8751827,-122.2594996,3.7909998893737793
1777069226.0931668,37.8751827,-122.2594972,3.7679998874664307
1777069226.2005916,37.8751836,-122.259496,3.7209999561309814
1777069227.0880005,37.8751805,-122.2594866,3.6510000228881836
1777069227.8745737,37.8751807,-122.2594762,3.6589999198913574
1777069228.071453,37.875181,-122.2594737,3.674999952316284
1777069228.3627331,37.8751829,-122.2594693,3.6410000324249268
1777069229.0878997,37.8751838,-122.2594618,3.617000102996826
1777069229.3691404,37.8751854,-122.259458,3.6080000400543213
1777069229.813104,37.8751853,-122.2594517,3.614000082015991
1777069230.097571,37.8751852,-122.2594487,3.621999979019165
1777069230.727689,37.8751863,-122.2594402,3.625
1777069231.087639,37.8751874,-122.2594363,3.63100004196167
1777069231.2575328,37.8751898,-122.2594337,3.6459999084472656
1777069232.0791817,37.8751933,-122.2594252,3.6610000133514404
1777069232.528818,37.8751973,-122.2594189,3.671999931335449
1777069232.9013908,37.8751991,-122.2594135,3.697000026702881
1777069233.0842824,37.8752003,-122.2594133,3.703000068664551
1777069233.469226,37.8752025,-122.2594099,3.736999988555908
1777069234.1260486,37.8752063,-122.2594059,3.757999897003174
1777069234.213192,37.8752076,-122.2594044,3.756999969482422
1777069234.7733183,37.8752097,-122.2593973,3.796999931335449
1777069235.0986829,37.8752108,-122.2593953,3.8329999446868896
1777069235.4316201,37.8752115,-122.2593912,3.8459999561309814
1777069235.7083938,37.8752128,-122.2593859,3.865999937057495
1777069236.101988,37.8752142,-122.2593832,3.921999931335449
1777069236.3592618,37.875215,-122.2593784,3.9639999866485596
1777069237.08839,37.8752166,-122.2593703,3.992000102996826
1777069237.0966177,37.8752167,-122.2593692,4.006999969482422
1777069237.5864277,37.8752185,-122.259361,4.03000020980835
1777069238.0797727,37.8752197,-122.2593552,4.046999931335449
1777069238.2857618,37.8752212,-122.2593499,4.038000106811523
1777069238.9946032,37.8752228,-122.2593395,4.050000190734863
1777069239.1873071,37.8752232,-122.2593386,4.065999984741211
1777069239.7589712,37.8752257,-122.2593277,4.073999881744385
1777069240.089307,37.8752269,-122.2593249,4.058000087738037
1777069240.3151703,37.8752281,-122.2593212,4.0320000648498535
1777069240.95475,37.8752297,-122.2593127,4.002999782562256
1777069241.0825713,37.8752299,-122.2593112,3.984999895095825
1777069241.2071187,37.8752303,-122.2593114,3.934999942779541
1777069241.4310565,37.8752318,-122.2593077,3.888000011444092
1777069242.12401,37.8752331,-122.259301,3.86899995803833
1777069242.1295,37.8752334,-122.2592998,3.803999900817871
1777069242.7791712,37.8752355,-122.2592906,3.7750000953674316
1777069243.0937328,37.8752366,-122.2592864,3.7790000438690186
1777069243.4835997,37.8752376,-122.2592813,3.7239999771118164
1777069244.0678499,37.8752379,-122.2592755,3.6519999504089355
1777069244.0970488,37.8752384,-122.2592749,3.6489999294281006
1777069244.5629573,37.8752386,-122.2592686,3.6510000228881836
1777069245.0860844,37.8752377,-122.2592637,3.6389999389648438
1777069245.175874,37.8752375,-122.259262,3.634000062942505
1777069245.8966904,37.875237,-122.2592525,3.6500000953674316
1777069246.075068,37.8752371,-122.2592517,3.6570000648498535
1777069246.4243252,37.8752381,-122.259248,3.6700000762939453
1777069246.965746,37.875239,-122.2592399,3.697000026702881
1777069247.090393,37.875239,-122.2592395,3.700000047683716
1777069247.7028058,37.8752396,-122.2592313,3.7339999675750732
1777069248.0787783,37.8752394,-122.2592288,3.7320001125335693
1777069248.1541579,37.87524,-122.259228,3.7330000400543213
1777069248.9767427,37.8752401,-122.2592198,3.759999990463257
1777069249.0535977,37.8752406,-122.2592172,3.760999917984009
1777069249.1221552,37.8752417,-122.2592159,3.7880001068115234
1777069249.579093,37.8752427,-122.2592104,3.7990000247955322
1777069250.100688,37.8752431,-122.2592064,3.8299999237060547
1777069250.1966796,37.8752442,-122.259205,3.8429999351501465
1777069251.0185444,37.8752458,-122.2591962,3.8580000400543213
1777069251.504928,37.8752461,-122.2591931,3.875
1777069252.0786312,37.8752462,-122.2591879,3.9040000438690186
1777069252.333481,37.8752461,-122.2591837,3.9119999408721924
1777069253.10827,37.8752444,-122.2591771,3.9079999923706055
1777069253.3018372,37.8752453,-122.2591756,3.927000045776367
1777069254.1291132,37.8752481,-122.2591684,3.944999933242798
1777069254.6744566,37.8752508,-122.2591658,3.99399995803833
1777069255.096301,37.8752527,-122.2591634,4.001999855041504
1777069255.1019347,37.8752527,-122.2591632,4.010000228881836
1777069255.6098416,37.8752543,-122.2591585,4.040999889373779
1777069256.0696855,37.8752547,-122.2591545,4.054999828338623
1777069256.2094455,37.8752549,-122.2591522,4.081999778747559
1777069256.7150648,37.8752558,-122.2591468,4.113999843597412
1777069256.726842,37.8752584,-122.2591411,4.138999938964844
1777069257.1492436,37.8752594,-122.2591356,4.151000022888184
1777069257.2131128,37.8752615,-122.2591317,4.1570000648498535
1777069257.9012344,37.8752631,-122.2591203,4.190000057220459
1777069258.0868206,37.8752625,-122.2591191,4.210000038146973
1777069259.065372,37.8752625,-122.2591054,4.247000217437744
1777069259.7676787,37.875265,-122.259098,4.258999824523926
1777069260.0918157,37.8752651,-122.2590968,4.276000022888184
1777069260.4810925,37.8752661,-122.2590921,4.2769999504089355
1777069260.998794,37.8752677,-122.2590859,4.284999847412109
1777069261.8526208,37.8752677,-122.2590759,4.285999774932861
1777069262.139108,37.8752666,-122.259075,4.283999919891357
1777069262.5555172,37.8752676,-122.259069,4.303999900817871
1777069263.0986137,37.8752688,-122.2590633,4.320000171661377
1777069263.2793038,37.8752683,-122.2590616,4.311999797821045
1777069263.9297767,37.8752693,-122.2590539,4.321000099182129
1777069264.0825431,37.8752687,-122.2590541,4.314000129699707
1777069264.3873765,37.8752684,-122.2590521,4.296999931335449
1777069264.5585096,37.8752692,-122.259046,4.2789998054504395
1777069265.096447,37.87527,-122.2590392,4.265999794006348
1777069265.2742577,37.8752697,-122.2590373,4.23199987411499
1777069266.0875509,37.8752708,-122.2590298,4.224999904632568
1777069266.093115,37.8752707,-122.2590298,4.188000202178955
1777069266.4642062,37.8752708,-122.2590257,4.1529998779296875
1777069267.1028342,37.8752713,-122.2590183,4.103000164031982
1777069267.3501112,37.8752712,-122.2590162,4.059000015258789
1777069267.6709673,37.8752717,-122.2590108,4.002999782562256
1777069268.0763195,37.8752721,-122.2590074,3.930999994277954
1777069268.330654,37.8752725,-122.2590043,3.888000011444092
1777069268.9810722,37.8752743,-122.2589959,3.8429999351501465
1777069269.8035483,37.8752773,-122.2589888,3.746000051498413
1777069270.1055393,37.8752787,-122.2589873,3.742000102996826
1777069271.0379472,37.8752862,-122.2589767,3.680999994277954
1777069271.7131386,37.8752917,-122.2589711,3.684000015258789
1777069272.084666,37.8752941,-122.2589689,3.7009999752044678
1777069272.4887514,37.8753014,-122.258964,3.690000057220459
1777069273.1229684,37.8753071,-122.2589604,3.680000066757202
1777069273.128197,37.875308,-122.2589599,3.6760001182556152
1777069273.7803354,37.8753131,-122.2589555,3.6679999828338623
1777069274.089907,37.8753155,-122.2589541,3.6470000743865967
1777069274.4063797,37.8753176,-122.2589521,3.627000093460083
1777069275.0554245,37.8753228,-122.25895,3.614000082015991
1777069275.0688648,37.8753239,-122.2589503,3.5929999351501465
1777069275.3987906,37.8753268,-122.2589502,3.5859999656677246
1777069276.005973,37.8753331,-122.2589497,3.5869998931884766
1777069276.7678103,37.875339,-122.2589492,3.5460000038146973
1777069277.0907402,37.8753405,-122.2589494,3.5230000019073486
1777069277.3206553,37.875342,-122.2589501,3.5250000953674316
1777069277.9128344,37.8753469,-122.2589506,3.5409998893737793
1777069278.0909035,37.8753481,-122.2589509,3.562000036239624
1777069278.4755158,37.8753513,-122.2589524,3.5859999656677246
1777069279.048837,37.8753571,-122.2589533,3.638000011444092
1777069279.6235728,37.875364,-122.2589532,3.7009999752044678
1777069280.1675534,37.8753707,-122.2589522,3.74399995803833
1777069280.172564,37.8753723,-122.2589531,3.7960000038146973
1777069280.80015,37.8753783,-122.2589544,3.8519999980926514
1777069281.0878043,37.8753817,-122.2589542,3.9030001163482666
1777069281.2276378,37.8753819,-122.258955,3.947000026702881
1777069281.8031297,37.8753868,-122.2589564,4.007999897003174
1777069282.0928035,37.8753883,-122.2589557,4.056000232696533
1777069282.4057136,37.8753904,-122.2589562,4.105000019073486
1777069282.9446833,37.8753952,-122.2589578,4.151000022888184
1777069283.0666833,37.8753953,-122.2589564,4.181000232696533
1777069283.538113,37.875399,-122.2589549,4.2129998207092285
1777069284.0889385,37.8754039,-122.2589549,4.235000133514404
1777069284.7232797,37.8754078,-122.2589531,4.24399995803833
1777069285.092018,37.8754105,-122.2589503,4.249000072479248
1777069285.2058504,37.8754107,-122.2589499,4.2729997634887695
1777069285.734439,37.8754154,-122.2589505,4.2789998054504395
1777069286.084492,37.875418,-122.258949,4.271999835968018
1777069286.3091414,37.8754203,-122.2589476,4.270999908447266
1777069286.8652616,37.8754261,-122.2589473,4.2769999504089355
1777069287.070774,37.875428,-122.2589472,4.289999961853027
1777069287.4110632,37.8754294,-122.2589447,4.281000137329102
1777069287.4161856,37.8754333,-122.2589444,4.267000198364258
1777069288.019959,37.8754407,-122.2589449,4.257999897003174
1777069288.577757,37.8754458,-122.258943,4.228000164031982
1777069289.1512456,37.8754504,-122.2589428,4.21999979019165
1777069289.704964,37.875456,-122.2589405,4.171999931335449
1777069290.0730639,37.8754597,-122.2589374,4.144999980926514
1777069290.207027,37.8754606,-122.2589368,4.133999824523926
1777069290.7582269,37.8754659,-122.258936,4.130000114440918
1777069291.093715,37.875468,-122.2589332,4.127999782562256
1777069291.1791196,37.8754684,-122.258933,4.124000072479248
1777069291.8128443,37.8754745,-122.2589328,4.145999908447266
1777069292.10111,37.8754761,-122.2589307,4.111999988555908
1777069292.5307927,37.875479,-122.2589315,4.123000144958496
1777069292.899973,37.8754838,-122.2589323,4.146999835968018
1777069293.1162767,37.8754848,-122.2589307,4.1539998054504395
1777069293.510684,37.8754885,-122.2589325,4.166999816894531
1777069294.0763788,37.8754931,-122.2589314,4.186999797821045
1777069294.1059115,37.8754938,-122.258931,4.193999767303467
1777069294.6942067,37.8754992,-122.2589338,4.205999851226807
1777069295.0706456,37.8755017,-122.2589351,4.195000171661377
1777069295.0767987,37.8755054,-122.2589351,4.160999774932861
1777069295.1325505,37.8755072,-122.2589357,4.122000217437744
1777069295.8280761,37.8755151,-122.258938,4.078999996185303
1777069296.0863907,37.8755166,-122.258937,4.046000003814697
1777069296.3907208,37.8755192,-122.2589379,3.999000072479248
1777069296.9820206,37.8755243,-122.2589391,3.937000036239624
1777069297.587488,37.8755278,-122.2589387,3.828000068664551
1777069298.0844395,37.8755303,-122.2589371,3.763000011444092
1777069298.1611743,37.8755301,-122.2589371,3.688999891281128
1777069298.7562218,37.8755352,-122.2589374,3.638000011444092
1777069299.0855958,37.8755369,-122.2589358,3.5880000591278076
1777069299.203347,37.8755375,-122.2589362,3.5190000534057617
1777069300.0412734,37.8755437,-122.258937,3.443000078201294
1777069300.1983104,37.875545,-122.2589372,3.444999933242798
1777069300.607648,37.8755474,-122.2589373,3.430000066757202
1777069300.9098017,37.875551,-122.2589383,3.4149999618530273
1777069301.0695064,37.8755515,-122.2589374,3.4110000133514404
1777069301.596764,37.8755547,-122.2589386,3.38700008392334
1777069302.1013527,37.8755577,-122.2589382,3.382999897003174
1777069302.1144414,37.8755582,-122.258938,3.38100004196167
1777069302.7029424,37.8755622,-122.2589408,3.388000011444092
1777069303.079689,37.8755678,-122.2589429,3.3580000400543213
1777069303.2546003,37.8755711,-122.2589447,3.3570001125335693
1777069303.8554914,37.8755779,-122.2589481,3.3510000705718994
1777069304.0884447,37.8755785,-122.2589475,3.328000068664551
1777069304.4085233,37.8755815,-122.2589492,3.3289999961853027
1777069305.1249557,37.8755885,-122.2589523,3.3359999656677246
1777069305.5943525,37.8755936,-122.2589531,3.3550000190734863
1777069306.0880554,37.8755958,-122.2589521,3.384000062942505
1777069306.1181533,37.875597,-122.2589525,3.390000104904175
1777069306.7402873,37.8756038,-122.2589536,3.4079999923706055
1777069307.0970857,37.8756053,-122.2589523,3.4140000343322754
1777069307.3021863,37.8756083,-122.258953,3.4089999198913574
1777069307.9694245,37.875614,-122.2589539,3.434999942779541
1777069308.08357,37.875614,-122.2589529,3.489000082015991
1777069308.442581,37.8756181,-122.2589537,3.5199999809265137
1777069308.9925776,37.8756246,-122.258955,3.552999973297119
1777069309.57116,37.8756293,-122.2589553,3.6429998874664307
1777069310.0994902,37.8756316,-122.258955,3.6760001182556152
1777069310.1703007,37.8756328,-122.2589554,3.7019999027252197
1777069310.5208614,37.8756352,-122.258956,3.7260000705718994
1777069310.7579293,37.8756441,-122.2589574,3.7139999866485596
1777069311.0769722,37.8756476,-122.2589571,3.703000068664551
1777069311.3028939,37.87565,-122.2589575,3.694000005722046
1777069311.9103036,37.8756561,-122.2589589,3.696000099182129
1777069312.160337,37.875656,-122.2589583,3.690999984741211
1777069312.476422,37.8756589,-122.258959,3.700000047683716
1777069313.0074637,37.8756633,-122.2589599,3.7009999752044678
1777069313.6200364,37.875665,-122.2589598,3.7039999961853027
1777069314.0889168,37.8756653,-122.2589581,3.678999900817871
1777069314.1569164,37.8756638,-122.2589582,3.6730000972747803
1777069314.755882,37.8756682,-122.2589586,3.6600000858306885
1777069315.0971582,37.8756694,-122.2589569,3.630000114440918
1777069315.358928,37.8756698,-122.2589573,3.640000104904175
1777069315.9245632,37.8756737,-122.2589583,3.6600000858306885
1777069316.0830498,37.8756741,-122.2589566,3.678999900817871
1777069316.4787679,37.8756766,-122.258958,3.74399995803833
1777069317.0352266,37.8756815,-122.2589594,3.809000015258789
1777069317.584204,37.8756846,-122.258958,3.9519999027252197
1777069318.1029508,37.8756872,-122.258954,4.045000076293945
1777069318.1505089,37.8756879,-122.2589545,4.172999858856201
1777069318.7132437,37.8756972,-122.2589572,4.320000171661377
1777069319.1983538,37.8757008,-122.2589526,4.433000087738037
1777069319.3012362,37.8757057,-122.2589527,4.697000026702881
1777069319.8550744,37.8757131,-122.2589533,4.890999794006348
1777069320.0733428,37.8757167,-122.2589467,5.109000205993652
1777069320.4915078,37.8757239,-122.2589459,5.308000087738037
1777069321.1203547,37.8757321,-122.2589458,5.640999794006348
1777069321.7561178,37.8757419,-122.2589398,5.841000080108643
1777069322.0722916,37.8757472,-122.258937,6.179999828338623
1777069322.20993,37.8757531,-122.2589288,6.1620001792907715
1777069322.8333266,37.8757622,-122.2589231,6.256999969482422
1777069323.0810437,37.875765,-122.2589111,6.123000144958496
1777069323.4081213,37.8757704,-122.2589067,6.177000045776367
1777069323.9427693,37.8757785,-122.2589018,6.11899995803833
1777069324.0924509,37.8757802,-122.2589005,6.043000221252441
1777069324.40968,37.8757837,-122.2588933,5.872000217437744
1777069325.0755355,37.8757898,-122.2588869,5.642000198364258
1777069325.6275063,37.8757942,-122.2588776,5.421000003814697
1777069325.9557464,37.8757955,-122.2588745,5.323999881744385
1777069326.0738695,37.875798,-122.25887,5.2210001945495605
1777069326.2020822,37.8758024,-122.2588668,5.02400016784668
1777069326.7829752,37.8758093,-122.2588603,4.854000091552734
1777069327.086735,37.8758077,-122.2588521,4.789000034332275
1777069327.28679,37.875811,-122.2588465,4.519999980926514
1777069327.8523784,37.875816,-122.2588389,4.406000137329102
1777069328.1586957,37.8758179,-122.2588361,4.420000076293945
1777069328.4612136,37.8758205,-122.2588273,4.355999946594238
1777069329.044096,37.8758245,-122.258818,4.308000087738037
1777069329.6282527,37.8758278,-122.2588052,4.189000129699707
1777069330.0875494,37.8758294,-122.2587978,4.1529998779296875
1777069330.1655352,37.8758312,-122.2587954,4.098999977111816
1777069330.77906,37.875836,-122.2587892,4.076000213623047
1777069331.084756,37.8758368,-122.2587852,4.043000221252441
1777069331.3896875,37.8758395,-122.2587811,4.008999824523926
1777069331.8971062,37.875844,-122.2587752,3.9560000896453857
1777069332.0921586,37.8758441,-122.2587728,3.931999921798706
1777069332.4501274,37.8758468,-122.2587677,3.877000093460083
1777069333.112762,37.8758491,-122.2587601,3.746999979019165
1777069333.1198614,37.8758492,-122.2587584,3.734999895095825
1777069333.652911,37.8758512,-122.2587538,3.690000057220459
1777069333.6553235,37.8758522,-122.2587515,3.693000078201294
1777069334.0733986,37.8758532,-122.2587474,3.6429998874664307
1777069334.2066276,37.8758537,-122.2587451,3.6510000228881836
1777069334.7272081,37.8758552,-122.2587386,3.6570000648498535
1777069335.120872,37.8758551,-122.2587342,3.677999973297119
1777069335.2067916,37.8758539,-122.2587321,3.694999933242798
1777069335.6416018,37.8758512,-122.2587277,3.7130000591278076
1777069336.069902,37.8758459,-122.2587256,3.7260000705718994
1777069336.7789934,37.8758377,-122.2587284,3.753000020980835
1777069337.1205008,37.8758351,-122.2587312,3.7739999294281006
1777069338.0790758,37.8758247,-122.2587401,3.802999973297119
1777069339.175561,37.8758187,-122.2587342,3.8910000324249268
1777069340.0733125,37.8758199,-122.2587224,3.9839999675750732
1777069340.866677,37.8758215,-122.258716,4.061999797821045
1777069341.09659,37.8758194,-122.2587182,4.1020002365112305
1777069341.3805492,37.8758189,-122.2587173,4.144000053405762
1777069341.4121938,37.8758203,-122.2587205,4.163000106811523
1777069342.006911,37.8758202,-122.258719,4.2220001220703125
1777069342.5576837,37.8758177,-122.2587194,4.2820000648498535
1777069343.0764368,37.8758139,-122.2587187,4.375
1777069343.1942484,37.8758138,-122.2587182,4.414000034332275
1777069343.8365188,37.8758124,-122.2587128,4.473999977111816
1777069344.1509452,37.8758082,-122.2587137,4.558000087738037
1777069344.4438512,37.8758063,-122.2587115,4.611999988555908
1777069344.9700243,37.8758038,-122.2587066,4.677999973297119
1777069345.6339784,37.8757967,-122.2587041,4.803999900817871
1777069346.0706067,37.875796,-122.2587006,4.948999881744385
1777069346.1846359,37.8757931,-122.2587013,4.9770002365112305
1777069347.067261,37.8757871,-122.2586979,5.081999778747559
1777069347.3160844,37.8757871,-122.2586966,5.127999782562256
1777069347.9552164,37.87579,-122.2586931,5.166999816894531
1777069348.5190148,37.8757936,-122.2586901,5.242000102996826
1777069349.0844102,37.8757966,-122.2586875,5.251999855041504
1777069349.3170905,37.8757989,-122.2586858,5.28000020980835
1777069349.7402198,37.8758022,-122.2586843,5.300000190734863
1777069350.558389,37.8758084,-122.258685,5.323999881744385
1777069351.0474691,37.8758114,-122.2586887,5.28000020980835
1777069351.8468165,37.8758144,-122.2586949,5.320000171661377
1777069352.2293923,37.8758163,-122.2587004,5.436999797821045
1777069353.0875218,37.8758196,-122.2587074,5.5970001220703125
1777069353.5407782,37.8758229,-122.2587127,5.702000141143799
1777069353.9801211,37.8758261,-122.2587167,5.811999797821045
1777069354.5657072,37.8758304,-122.2587226,5.942999839782715
1777069354.978906,37.8758336,-122.2587275,6.073999881744385
1777069355.55924,37.8758374,-122.258737,6.224999904632568
1777069355.8735406,37.8758389,-122.2587427,6.321000099182129
1777069356.5573575,37.8758428,-122.2587548,6.493000030517578
1777069356.8337219,37.8758513,-122.2587638,6.585000038146973
1777069357.0638041,37.8758589,-122.2587731,6.60699987411499
1777069357.6413167,37.8758662,-122.258783,6.710999965667725
1777069358.3978434,37.875874,-122.2587943,6.836999893188477
1777069358.939047,37.8758788,-122.2588019,6.960999965667725
1777069359.4470212,37.8758832,-122.2588071,7.09499979019165
1777069359.826204,37.8758878,-122.2588096,7.230000019073486
1777069360.400563,37.875894,-122.2588092,7.373000144958496
1777069361.847582,37.8759026,-122.2587957,7.646999835968018
1777069362.6902711,37.8758981,-122.2587827,7.955999851226807
1777069363.2151554,37.8758938,-122.2587766,7.992000102996826
1777069363.8176136,37.8758903,-122.2587704,8.08899974822998
1777069364.4410884,37.875887,-122.2587643,8.234999656677246
1777069365.0863194,37.8758977,-122.2587786,7.959000110626221
1777069365.5919366,37.8759021,-122.2587811,7.679999828338623
1777069366.5528035,37.8759027,-122.2587747,7.53000020980835
1777069367.363773,37.8759014,-122.2587645,7.326000213623047
1777069367.5824673,37.8759001,-122.2587606,7.269999980926514
1777069368.285649,37.8758961,-122.258752,7.01200008392334
1777069369.2050486,37.8758882,-122.2587403,6.914999961853027
1777069369.7522817,37.8758816,-122.2587335,6.683000087738037
1777069370.1148195,37.8758763,-122.2587296,6.859000205993652
1777069370.7592247,37.8758678,-122.2587249,7.048999786376953
1777069371.112162,37.8758634,-122.2587217,7.122000217437744
1777069371.8325598,37.8758554,-122.2587145,7.310999870300293
1777069372.2320335,37.8758512,-122.25871,7.406000137329102
1777069373.4629679,37.8758401,-122.2586982,7.828000068664551
1777069374.0007985,37.8758356,-122.2586923,7.973999977111816
1777069374.489897,37.875832,-122.2586866,8.215999603271484
1777069375.0903592,37.875828,-122.2586792,8.480999946594238
1777069375.6039581,37.8758256,-122.2586724,8.786999702453613
1777069376.1765022,37.875823,-122.2586644,9.307999610900879
1777069376.6149297,37.8758205,-122.258658,9.498000144958496
1777069377.3139873,37.8758167,-122.2586496,10.071999549865723
1777069377.8419354,37.8758133,-122.2586419,10.265000343322754
1777069378.3450398,37.8758092,-122.2586348,10.456000328063965
1777069378.9036975,37.8758055,-122.2586281,10.772000312805176
1777069379.4299643,37.8758018,-122.2586217,11.100000381469727
1777069379.9881513,37.8757983,-122.2586147,11.440999984741211
1777069380.6266425,37.8757963,-122.2586081,12.020000457763672
1777069381.271046,37.8757941,-122.2586015,12.411999702453613
1777069381.9511583,37.8757914,-122.2585923,12.812000274658203
1777069382.5447142,37.8757904,-122.2585846,13.215999603271484
1777069383.1919487,37.8757896,-122.2585757,13.597000122070312
1777069383.837333,37.8757892,-122.2585691,13.937000274658203
1777069384.46602,37.8757887,-122.2585634,14.324000358581543
1777069385.2271233,37.8757863,-122.2585563,14.934000015258789
1777069386.3995082,37.8757776,-122.2585518,15.42300033569336
1777069387.2298768,37.8757715,-122.2585546,15.697999954223633
1777069387.7602866,37.8757722,-122.258557,16.08300018310547
1777069388.1956127,37.8757714,-122.2585574,16.31100082397461
1777069395.487056,37.8758242,-122.2585604,13.71500015258789
1777069397.2807806,37.875845,-122.2585656,14.48900032043457
1777069398.628677,37.8758549,-122.2585686,14.815999984741211
1777069403.2629888,37.875864,-122.2585701,15.291999816894531
1777069410.9994285,37.8758997,-122.2586146,7.427999973297119
1777069418.7658167,37.8759199,-122.2586735,4.322999954223633
1777069426.4851012,37.8759215,-122.2586727,4.796000003814697
1777069434.2634702,37.8759396,-122.2586885,5.451000213623047
1777069442.0174365,37.8759443,-122.2586901,6.682000160217285
1777069446.572187,37.8759768,-122.2587032,7.054999828338623
1777069447.1921782,37.8759794,-122.2587047,7.49399995803833
1777069449.7551706,37.8759828,-122.2587066,7.710000038146973
